Tag Code,Site Name,Detection Time,Antenna Group Name
3DD.003BC95F8A,Collection Point 1,4/4/19 7:28,WorkroomTable Antenna
3DD.003BC95F8B,Collection Point 1,4/26/19 7:44,WorkroomTable Antenna
3DD.003BC95F8D,Collection Point 1,4/14/19 7:46,WorkroomTable Antenna
3DD.003BC95F8E,Collection Point 1,4/11/19 13:23,WorkroomTable Antenna
3DD.003BC95F9B,Collection Point 1,4/13/19 7:22,WorkroomTable Antenna
3DD.003BC95F9E,Collection Point 1,4/26/19 7:46,WorkroomTable Antenna
3DD.003BC95FA4,Collection Point 1,4/16/19 7:10,WorkroomTable Antenna
3DD.003BC95FB8,Collection Point 1,4/13/19 7:18,WorkroomTable Antenna
3DD.003BC95FBD,Collection Point 1,4/11/19 12:51,WorkroomTable Antenna
3DD.003BC95FC3,Collection Point 1,4/12/19 7:54,WorkroomTable Antenna
3DD.003BC95FC6,Final Collection Point ,4/22/19 0:29,Sorting Rack Antenna
3DD.003BC95FC7,Final Collection Point ,6/24/19 13:09,Sorting Rack Antenna
3DD.003BC95FCB,Collection Point 3,5/31/19 22:58,MATRIX TRAWL [CURRENT]
3DD.003BC95FCD,Collection Point 1,5/12/19 7:22,WorkroomTable Antenna
3DD.003BC95FCE,Collection Point 1,4/22/19 7:25,WorkroomTable Antenna
3DD.003BC95FD2,Collection Point 1,4/12/19 7:54,WorkroomTable Antenna
3DD.003BC95FD3,Collection Point 1,4/12/19 7:54,WorkroomTable Antenna
3DD.003BC95FD6,Collection Point 1,3/29/19 7:20,WorkroomTable Antenna
3DD.003BC95FDC,Final Collection Point ,5/7/19 8:08,Sorting Rack Antenna
3DD.003BC95FDE,Collection Point 1,4/11/19 13:30,WorkroomTable Antenna
3DD.003BC95FE0,Collection Point 1,4/12/19 8:02,WorkroomTable Antenna
3DD.003BC95FE0,Final Collection Point ,7/20/19 15:02,Sorting Rack Antenna
3DD.003BC95FE2,Collection Point 1,4/12/19 7:31,WorkroomTable Antenna
3DD.003BC95FE7,Collection Point 1,5/11/19 6:57,WorkroomTable Antenna
3DD.003BC95FEA,Final Collection Point ,6/19/19 8:06,Sorting Rack Antenna
3DD.003BC95FEB,Final Collection Point ,5/14/19 2:35,Sorting Rack Antenna
3DD.003BC95FEC,Collection Point 1,6/1/19 7:19,WorkroomTable Antenna
3DD.003BC963A9,Final Collection Point ,5/9/19 23:31,Sorting Rack Antenna
3DD.003BC963BB,Final Collection Point ,5/12/19 1:00,Sorting Rack Antenna
3DD.003BC96E06,Final Collection Point ,5/27/19 6:20,Sorting Rack Antenna
3DD.003BC96E0D,Final Collection Point ,5/17/19 4:40,Sorting Rack Antenna
3DD.003BC96E37,Final Collection Point ,5/12/19 0:52,Sorting Rack Antenna
3DD.003C011568,Collection Point 1,4/9/19 7:56,WorkroomTable Antenna
3DD.003C011568,Final Collection Point ,5/6/19 2:39,Sorting Rack Antenna
3DD.003C01156C,Collection Point 1,4/11/19 13:14,WorkroomTable Antenna
3DD.003C01156E,Collection Point 1,4/14/19 7:30,WorkroomTable Antenna
3DD.003C01157F,Collection Point 1,4/13/19 7:36,WorkroomTable Antenna
3DD.003C01159C,Collection Point 1,4/27/19 7:07,WorkroomTable Antenna
3DD.003C01159D,Collection Point 1,4/13/19 7:35,WorkroomTable Antenna
3DD.003C0115A3,Collection Point 1,4/11/19 12:59,WorkroomTable Antenna
3DD.003C0115AC,Collection Point 1,4/4/19 7:29,WorkroomTable Antenna
3DD.003C0115AE,Collection Point 1,5/14/19 7:41,WorkroomTable Antenna
3DD.003C0115B7,Collection Point 1,4/9/19 7:44,WorkroomTable Antenna
3DD.003C0115BE,Collection Point 1,4/5/19 7:39,WorkroomTable Antenna
3DD.003C011771,Collection Point 1,5/28/19 7:40,WorkroomTable Antenna
3DD.003C01177E,Collection Point 1,6/2/19 7:16,WorkroomTable Antenna
3DD.003C011796,Collection Point 1,5/28/19 7:42,WorkroomTable Antenna
3DD.003D2784CE,Collection Point 1,4/27/19 7:29,WorkroomTable Antenna
3DD.003D27859C,Collection Point 1,4/28/19 6:58,WorkroomTable Antenna
3DD.003D2785FA,Collection Point 1,4/29/19 7:16,WorkroomTable Antenna
3DD.003D278638,Collection Point 1,5/13/19 7:37,WorkroomTable Antenna
3DD.003D2786D9,Collection Point 1,4/21/19 7:14,WorkroomTable Antenna
3DD.003D278709,Final Collection Point ,4/22/19 22:46,Sorting Rack Antenna
3DD.003D278775,Final Collection Point ,6/20/19 8:13,Sorting Rack Antenna
3DD.003D27886A,Final Collection Point ,4/21/19 1:24,Sorting Rack Antenna
3DD.003D278931,Final Collection Point ,5/7/19 0:33,Sorting Rack Antenna
3DD.003D2789F5,Collection Point 1,5/5/19 7:45,WorkroomTable Antenna
3DD.003D2789F5,Final Collection Point ,4/29/19 20:13,Sorting Rack Antenna
3DD.003D278A19,Final Collection Point ,5/17/19 0:58,Sorting Rack Antenna
3DD.003D278C07,Final Collection Point ,5/13/19 0:35,Sorting Rack Antenna
3DD.003D278D09,Final Collection Point ,7/5/19 5:42,Sorting Rack Antenna
3DD.003D278D94,Final Collection Point ,7/9/19 8:31,Sorting Rack Antenna
3DD.003D278FE4,Collection Point 1,4/27/19 7:06,WorkroomTable Antenna
3DD.003D279057,Final Collection Point ,5/8/19 17:48,Sorting Rack Antenna
3DD.003D27916A,Final Collection Point ,4/29/19 23:59,Sorting Rack Antenna
3DD.003D2792A1,Final Collection Point ,4/20/19 17:04,Sorting Rack Antenna
3DD.003D279456,Collection Point 1,4/23/19 7:25,WorkroomTable Antenna
3DD.003D279499,Final Collection Point ,5/18/19 22:18,Sorting Rack Antenna
3DD.003D2794C5,Collection Point 1,5/9/19 7:28,WorkroomTable Antenna
3DD.003D2794D5,Collection Point 1,5/5/19 7:38,WorkroomTable Antenna
3DD.003D279561,Collection Point 1,5/3/19 7:13,WorkroomTable Antenna
3DD.003D2798BE,Final Collection Point ,5/1/19 20:03,Sorting Rack Antenna
3DD.003D2798DE,Final Collection Point ,5/3/19 2:49,Sorting Rack Antenna
3DD.003D2798E3,Collection Point 1,5/15/19 7:27,WorkroomTable Antenna
3DD.003D279C52,Collection Point 1,4/19/19 8:13,WorkroomTable Antenna
3DD.003D279CCB,Final Collection Point ,4/20/19 23:41,Sorting Rack Antenna
3DD.003D279D07,Final Collection Point ,7/1/19 21:23,Sorting Rack Antenna
3DD.003D279E16,Collection Point 1,4/22/19 7:25,WorkroomTable Antenna
3DD.003D27A09B,Collection Point 1,5/1/19 7:19,WorkroomTable Antenna
3DD.003D27A09B,Final Collection Point ,4/26/19 16:16,Sorting Rack Antenna
3DD.003D27A25D,Final Collection Point ,4/26/19 22:21,Sorting Rack Antenna
3DD.003D27A39B,Final Collection Point ,6/14/19 21:14,Sorting Rack Antenna
3DD.003D27A569,Final Collection Point ,6/9/19 7:26,Sorting Rack Antenna
3DD.003D27A6AC,Collection Point 1,5/2/19 7:31,WorkroomTable Antenna
3DD.003D27A7A8,Collection Point 1,4/27/19 7:26,WorkroomTable Antenna
3DD.003D27AA0B,Collection Point 1,5/9/19 7:29,WorkroomTable Antenna
3DD.003D27AF31,Collection Point 1,6/1/19 7:23,WorkroomTable Antenna
3DD.003D27B0E8,Collection Point 3,5/25/19 6:47,MATRIX TRAWL [CURRENT]
3DD.003D27B1D5,Final Collection Point ,5/18/19 20:51,Sorting Rack Antenna
3DD.003D27B8AC,Final Collection Point ,5/9/19 0:21,Sorting Rack Antenna
3DD.003D27C0DC,Collection Point 1,5/10/19 7:21,WorkroomTable Antenna
3DD.003D27C103,Final Collection Point ,6/12/19 1:17,Sorting Rack Antenna
3DD.003D27C9E2,Collection Point 1,5/10/19 7:19,WorkroomTable Antenna
3DD.003D27D26A,Collection Point 1,6/1/19 7:24,WorkroomTable Antenna
3DD.003D27FE1B,Collection Point 1,4/20/19 6:25,WorkroomTable Antenna
3DD.003D27FE95,Final Collection Point ,5/12/19 0:51,Sorting Rack Antenna
3DD.003D27FECC,Collection Point 1,1/17/19 8:29,WorkroomTable Antenna
3DD.003D28003B,Collection Point 1,4/29/19 7:16,WorkroomTable Antenna
3DD.003D28017C,Final Collection Point ,6/27/19 12:14,Sorting Rack Antenna
3DD.003D280264,Collection Point 1,5/10/19 7:21,WorkroomTable Antenna
3DD.003D280326,Collection Point 1,2/3/19 8:23,WorkroomTable Antenna
3DD.003D2BE5B9,Collection Point 1,4/12/19 7:09,WorkroomTable Antenna
3DD.003D2BE5C1,Final Collection Point ,4/25/19 11:52,Sorting Rack Antenna
3DD.003D2BE5C2,Final Collection Point ,5/15/19 13:30,Sorting Rack Antenna
3DD.003D2BE5C3,Final Collection Point ,4/22/19 17:40,Sorting Rack Antenna
3DD.003D2BE601,Final Collection Point ,5/19/19 15:44,Sorting Rack Antenna
3DD.003D2BE607,Final Collection Point ,5/31/19 8:13,Sorting Rack Antenna
3DD.003D2BE60C,Collection Point 1,5/14/19 8:03,WorkroomTable Antenna
3DD.003D2BE60D,Final Collection Point ,6/27/19 1:56,Sorting Rack Antenna
3DD.003D2BE60F,Collection Point 1,5/23/19 7:30,WorkroomTable Antenna
3DD.003D2BE610,Collection Point 1,5/4/19 7:28,WorkroomTable Antenna
3DD.003D2BE610,Final Collection Point ,5/1/19 3:08,Sorting Rack Antenna
3DD.003D2BE61B,Final Collection Point ,5/29/19 10:41,Sorting Rack Antenna
3DD.003D2BE61F,Collection Point 1,4/26/19 7:33,WorkroomTable Antenna
3DD.003D2BE622,Final Collection Point ,6/6/19 12:46,Sorting Rack Antenna
3DD.003D2BE623,Final Collection Point ,7/20/19 14:03,Sorting Rack Antenna
3DD.003D2BE629,Final Collection Point ,5/23/19 16:43,Sorting Rack Antenna
3DD.003D2BE64E,Final Collection Point ,5/24/19 16:20,Sorting Rack Antenna
3DD.003D2BE64E,Collection Point 3,5/29/19 20:48,MATRIX TRAWL [CURRENT]
3DD.003D2BE654,Final Collection Point ,4/26/19 21:33,Sorting Rack Antenna
3DD.003D2BE654,Collection Point 3,5/17/19 23:29,MATRIX TRAWL [CURRENT]
3DD.003D2BE655,Final Collection Point ,6/2/19 13:09,Sorting Rack Antenna
3DD.003D2BE691,Collection Point 1,4/15/19 7:30,WorkroomTable Antenna
3DD.003D2BE695,Collection Point 1,4/19/19 8:14,WorkroomTable Antenna
3DD.003D2BE6A3,Collection Point 1,6/1/19 7:18,WorkroomTable Antenna
3DD.003D2BE6A5,Collection Point 1,4/9/19 7:42,WorkroomTable Antenna
3DD.003D2BE6AF,Collection Point 1,4/18/19 7:41,WorkroomTable Antenna
3DD.003D2BE6B0,Collection Point 1,4/16/19 7:23,WorkroomTable Antenna
3DD.003D2BE6C4,Collection Point 1,4/30/19 6:49,WorkroomTable Antenna
3DD.003D2BE6C5,Collection Point 3,5/23/19 1:04,MATRIX TRAWL [CURRENT]
3DD.003D2BE6C8,Collection Point 1,4/19/19 8:38,WorkroomTable Antenna
3DD.003D2BE6CF,Final Collection Point ,4/24/19 1:17,Sorting Rack Antenna
3DD.003D2BE6D1,Collection Point 1,5/25/19 7:23,WorkroomTable Antenna
3DD.003D2BE6EC,Collection Point 1,4/13/19 7:28,WorkroomTable Antenna
3DD.003D2BE6F7,Collection Point 1,4/12/19 7:55,WorkroomTable Antenna
3DD.003D2BE6FF,Collection Point 1,4/16/19 7:36,WorkroomTable Antenna
3DD.003D2BE702,Collection Point 1,4/23/19 7:24,WorkroomTable Antenna
3DD.003D2BE705,Collection Point 1,4/14/19 7:41,WorkroomTable Antenna
3DD.003D2BE705,Final Collection Point ,4/30/19 1:03,Sorting Rack Antenna
3DD.003D2BE708,Final Collection Point ,4/21/19 22:41,Sorting Rack Antenna
3DD.003D2BE710,Collection Point 1,4/21/19 7:14,WorkroomTable Antenna
3DD.003D2BE715,Collection Point 1,4/27/19 7:25,WorkroomTable Antenna
3DD.003D2BE71D,Final Collection Point ,5/19/19 0:29,Sorting Rack Antenna
3DD.003D2BE72B,Final Collection Point ,5/23/19 2:46,Sorting Rack Antenna
3DD.003D2BE72F,Collection Point 1,4/12/19 7:34,WorkroomTable Antenna
3DD.003D2BE73A,Collection Point 1,4/13/19 7:18,WorkroomTable Antenna
3DD.003D2BE73D,Final Collection Point ,6/28/19 0:39,Sorting Rack Antenna
3DD.003D2BE748,Final Collection Point ,4/28/19 17:33,Sorting Rack Antenna
3DD.003D2BE74E,Final Collection Point ,4/25/19 16:44,Sorting Rack Antenna
3DD.003D2BE76A,Final Collection Point ,5/4/19 23:47,Sorting Rack Antenna
3DD.003D2BE773,Final Collection Point ,6/14/19 10:03,Sorting Rack Antenna
3DD.003D2BE780,Final Collection Point ,6/24/19 5:40,Sorting Rack Antenna
3DD.003D2BE786,Collection Point 1,5/25/19 7:22,WorkroomTable Antenna
3DD.003D2BE787,Collection Point 1,5/15/19 7:32,WorkroomTable Antenna
3DD.003D2BE787,Final Collection Point ,5/8/19 22:21,Sorting Rack Antenna
3DD.003D47BCA5,Collection Point 1,4/9/19 8:04,WorkroomTable Antenna
3DD.003D47BCA6,Collection Point 1,4/11/19 13:01,WorkroomTable Antenna
3DD.003D47BCA9,Final Collection Point ,5/28/19 1:05,Sorting Rack Antenna
3DD.003D47BCAA,Collection Point 1,4/16/19 7:09,WorkroomTable Antenna
3DD.003D47BCBA,Collection Point 1,4/13/19 7:55,WorkroomTable Antenna
3DD.003D47BCBE,Final Collection Point ,5/8/19 0:47,Sorting Rack Antenna
3DD.003D47BCC2,Collection Point 1,4/12/19 7:26,WorkroomTable Antenna
3DD.003D47BCC4,Collection Point 1,4/19/19 8:42,WorkroomTable Antenna
3DD.003D47BCC7,Collection Point 1,4/23/19 7:22,WorkroomTable Antenna
3DD.003D47BCC9,Collection Point 1,4/12/19 7:25,WorkroomTable Antenna
3DD.003D47BCCC,Collection Point 1,4/9/19 7:43,WorkroomTable Antenna
3DD.003D47BCD3,Collection Point 1,4/11/19 12:58,WorkroomTable Antenna
3DD.003D47BCDC,Collection Point 1,2/19/19 8:05,WorkroomTable Antenna
3DD.003D47BCDE,Final Collection Point ,4/17/19 21:08,Sorting Rack Antenna
3DD.003D47BCE2,Collection Point 1,4/11/19 12:48,WorkroomTable Antenna
3DD.003D47BCE7,Final Collection Point ,5/5/19 10:03,Sorting Rack Antenna
3DD.003D47BCE8,Collection Point 1,3/20/19 7:31,WorkroomTable Antenna
3DD.003D47BCEC,Collection Point 1,4/3/19 7:26,WorkroomTable Antenna
3DD.003D47BCF4,Collection Point 1,4/5/19 7:39,WorkroomTable Antenna
3DD.003D47BCF7,Collection Point 1,5/5/19 7:53,WorkroomTable Antenna
3DD.003D47BCFA,Final Collection Point ,7/6/19 6:00,Sorting Rack Antenna
3DD.003D47BCFC,Collection Point 1,4/11/19 12:41,WorkroomTable Antenna
3DD.003D47BD02,Final Collection Point ,6/26/19 13:05,Sorting Rack Antenna
3DD.003D47BD03,Collection Point 1,4/19/19 8:37,WorkroomTable Antenna
3DD.003D59C3D4,Collection Point 3,6/10/19 22:29,MATRIX TRAWL [CURRENT]
3DD.003D59C3E5,Collection Point 3,6/6/19 5:28,MATRIX TRAWL [CURRENT]
3DD.003D59C3E6,Final Collection Point ,6/14/19 23:12,Sorting Rack Antenna
3DD.003D59C3E6,Collection Point 4,6/15/19 14:08,Release Pond Antennas
3DD.003D59C3FC,Collection Point 2,6/10/19 17:54,Perpendicular.vertical.75ft
3DD.003D59C3FD,Final Collection Point ,6/8/19 23:49,Sorting Rack Antenna
3DD.003D59C409,Final Collection Point ,6/8/19 21:53,Sorting Rack Antenna
3DD.003D59C410,Collection Point 4,6/14/19 14:23,Release Pond Antennas
3DD.003D59C417,Final Collection Point ,6/9/19 1:10,Sorting Rack Antenna
3DD.003D59C41B,Final Collection Point ,6/11/19 2:51,Sorting Rack Antenna
3DD.003D59C424,Collection Point 3,6/9/19 8:36,MATRIX TRAWL [CURRENT]
3DD.003D59C427,Final Collection Point ,6/26/19 1:39,Sorting Rack Antenna
3DD.003D59C42A,Collection Point 4,6/22/19 9:43,Release Pond Antennas
3DD.003D59C42B,Collection Point 4,6/22/19 9:43,Release Pond Antennas
3DD.003D59C42C,Collection Point 4,6/22/19 10:58,Release Pond Antennas
3DD.003D59C42D,Collection Point 4,6/21/19 20:24,Release Pond Antennas
3DD.003D59C42F,Collection Point 4,6/22/19 9:43,Release Pond Antennas
3DD.003D59C430,Collection Point 4,6/22/19 9:54,Release Pond Antennas
3DD.003D59C434,Collection Point 4,6/22/19 10:57,Release Pond Antennas
3DD.003D59C435,Collection Point 4,6/22/19 9:51,Release Pond Antennas
3DD.003D59C438,Collection Point 4,6/21/19 14:50,Release Pond Antennas
3DD.003D59C439,Collection Point 4,6/22/19 9:43,Release Pond Antennas
3DD.003D59C43E,Collection Point 4,6/22/19 9:43,Release Pond Antennas
3DD.003D59C43F,Collection Point 4,6/22/19 9:44,Release Pond Antennas
3DD.003D59C440,Collection Point 4,6/21/19 14:18,Release Pond Antennas
3DD.003D59C441,Collection Point 4,6/21/19 13:44,Release Pond Antennas
3DD.003D59C446,Collection Point 4,6/21/19 13:38,Release Pond Antennas
3DD.003D59C448,Collection Point 4,6/22/19 9:42,Release Pond Antennas
3DD.003D59C44D,Collection Point 4,6/22/19 9:44,Release Pond Antennas
3DD.003D59C44E,Collection Point 4,6/21/19 14:33,Release Pond Antennas
3DD.003D59C455,Collection Point 4,6/21/19 14:43,Release Pond Antennas
3DD.003D59C458,Collection Point 4,6/22/19 9:43,Release Pond Antennas
3DD.003D59C45C,Collection Point 4,6/21/19 13:52,Release Pond Antennas
3DD.003D59C45F,Collection Point 4,6/22/19 9:57,Release Pond Antennas
3DD.003D59C460,Collection Point 4,6/21/19 13:26,Release Pond Antennas
3DD.003D59C461,Collection Point 4,6/21/19 20:15,Release Pond Antennas
3DD.003D59C467,Collection Point 4,6/21/19 13:38,Release Pond Antennas
3DD.003D59C468,Collection Point 4,6/21/19 13:47,Release Pond Antennas
3DD.003D59C46C,Collection Point 4,6/22/19 9:45,Release Pond Antennas
3DD.003D59C46D,Collection Point 4,6/22/19 9:40,Release Pond Antennas
3DD.003D59C46E,Collection Point 4,6/22/19 9:38,Release Pond Antennas
3DD.003D59C470,Collection Point 4,6/22/19 9:44,Release Pond Antennas
3DD.003D59C471,Collection Point 4,6/21/19 13:37,Release Pond Antennas
3DD.003D59C473,Collection Point 4,6/21/19 14:07,Release Pond Antennas
3DD.003D59C475,Collection Point 4,6/21/19 14:33,Release Pond Antennas
3DD.003D59C477,Collection Point 4,6/22/19 9:45,Release Pond Antennas
3DD.003D59C47F,Collection Point 4,6/22/19 9:43,Release Pond Antennas
3DD.003D59C484,Collection Point 4,6/21/19 13:59,Release Pond Antennas
3DD.003D59C489,Collection Point 4,6/21/19 13:58,Release Pond Antennas
3DD.003D59C4BA,Collection Point 3,5/30/19 8:32,Towed Flexible Antenna System
3DD.003D59C4EA,Collection Point 3,5/24/19 19:33,MATRIX TRAWL [CURRENT]
3DD.003D59C5D0,Collection Point 3,6/12/19 10:33,MATRIX TRAWL [CURRENT]
3DD.003D59C5D3,Collection Point 3,6/12/19 5:25,Towed Flexible Antenna System
3DD.003D59C5D9,Collection Point 3,6/10/19 20:32,MATRIX TRAWL [CURRENT]
3DD.003D59C5F6,Collection Point 3,6/9/19 19:32,MATRIX TRAWL [CURRENT]
3DD.003D59C5FE,Collection Point 3,6/10/19 5:51,MATRIX TRAWL [CURRENT]
3DD.003D59C622,Collection Point 3,6/5/19 10:24,Towed Flexible Antenna System
3DD.003D59C62C,Collection Point 3,6/7/19 20:17,MATRIX TRAWL [CURRENT]
3DD.003D59C638,Collection Point 3,6/10/19 7:23,MATRIX TRAWL [CURRENT]
3DD.003D59C6A2,Collection Point 3,6/3/19 5:49,Towed Flexible Antenna System
3DD.003D59C6B9,Collection Point 3,6/3/19 7:09,Towed Flexible Antenna System
3DD.003D59C6BB,Final Collection Point ,5/31/19 10:32,Port Smolt Flume Antenna
3DD.003D59C7B0,Collection Point 3,6/10/19 7:03,MATRIX TRAWL [CURRENT]
3DD.003D59C7D1,Collection Point 3,6/10/19 5:48,Towed Flexible Antenna System
3DD.003D59C808,Collection Point 3,6/11/19 5:25,Towed Flexible Antenna System
3DD.003D59C80A,Collection Point 3,6/10/19 7:15,Towed Flexible Antenna System
3DD.003D59C831,Collection Point 3,5/27/19 8:37,Towed Flexible Antenna System
3DD.003D59C84D,Collection Point 3,5/26/19 20:52,MATRIX TRAWL [CURRENT]
3DD.003D59C865,Collection Point 3,5/30/19 11:05,Towed Flexible Antenna System
3DD.003D59C876,Final Collection Point ,6/3/19 2:03,Sorting Rack Antenna
3DD.003D59C877,Final Collection Point ,5/29/19 19:50,Sorting Rack Antenna
3DD.003D59C878,Final Collection Point ,6/16/19 4:35,Sorting Rack Antenna
3DD.003D59C878,Collection Point 4,6/17/19 11:32,Release Pond Antennas
3DD.003D59C879,Final Collection Point ,6/1/19 22:21,Sorting Rack Antenna
3DD.003D59C881,Collection Point 3,5/30/19 7:11,Towed Flexible Antenna System
3DD.003D59C882,Final Collection Point ,5/30/19 14:54,Sorting Rack Antenna
3DD.003D59C886,Final Collection Point ,5/24/19 4:34,Sorting Rack Antenna
3DD.003D59C887,Final Collection Point ,6/12/19 18:33,Sorting Rack Antenna
3DD.003D59C88C,Final Collection Point ,6/1/19 7:37,Sorting Rack Antenna
3DD.003D59C88F,Final Collection Point ,6/3/19 17:03,Sorting Rack Antenna
3DD.003D59C890,Final Collection Point ,6/3/19 17:26,Sorting Rack Antenna
3DD.003D59C891,Final Collection Point ,6/2/19 12:03,Sorting Rack Antenna
3DD.003D59C899,Final Collection Point ,5/31/19 18:31,Sorting Rack Antenna
3DD.003D59C89B,Final Collection Point ,6/2/19 8:51,Sorting Rack Antenna
3DD.003D59C89F,Final Collection Point ,6/3/19 1:33,Sorting Rack Antenna
3DD.003D59C8A5,Final Collection Point ,6/3/19 12:59,Sorting Rack Antenna
3DD.003D59C8AE,Final Collection Point ,5/23/19 23:43,Sorting Rack Antenna
3DD.003D59C8B4,Final Collection Point ,6/6/19 12:39,Sorting Rack Antenna
3DD.003D59C8C2,Final Collection Point ,6/2/19 8:56,Sorting Rack Antenna
3DD.003D59C8C4,Final Collection Point ,5/29/19 0:32,Sorting Rack Antenna
3DD.003D59C8C7,Final Collection Point ,5/31/19 17:28,Sorting Rack Antenna
3DD.003D59C8C8,Final Collection Point ,5/30/19 6:15,Sorting Rack Antenna
3DD.003D59C8D0,Final Collection Point ,7/7/19 12:00,Sorting Rack Antenna
3DD.003D59C8D3,Final Collection Point ,5/27/19 23:54,Sorting Rack Antenna
3DD.003D59C8D4,Final Collection Point ,5/25/19 23:11,Sorting Rack Antenna
3DD.003D59C99F,Collection Point 4,6/16/19 15:12,Release Pond Antennas
3DD.003D59C9A0,Collection Point 4,6/16/19 19:21,Release Pond Antennas
3DD.003D59C9A1,Collection Point 4,6/17/19 11:20,Release Pond Antennas
3DD.003D59C9A2,Collection Point 4,6/16/19 19:01,Release Pond Antennas
3DD.003D59C9A3,Collection Point 4,6/15/19 19:42,Release Pond Antennas
3DD.003D59C9A4,Collection Point 4,6/17/19 19:14,Release Pond Antennas
3DD.003D59C9A8,Collection Point 4,6/17/19 11:28,Release Pond Antennas
3DD.003D59C9AB,Collection Point 4,6/15/19 19:58,Release Pond Antennas
3DD.003D59C9AC,Collection Point 4,6/15/19 20:07,Release Pond Antennas
3DD.003D59C9AD,Collection Point 4,6/15/19 19:41,Release Pond Antennas
3DD.003D59C9AE,Collection Point 4,6/17/19 11:21,Release Pond Antennas
3DD.003D59C9B0,Collection Point 4,6/17/19 11:15,Release Pond Antennas
3DD.003D59C9B1,Collection Point 4,6/16/19 19:34,Release Pond Antennas
3DD.003D59C9B3,Collection Point 4,6/17/19 11:30,Release Pond Antennas
3DD.003D59C9B4,Collection Point 4,6/15/19 20:15,Release Pond Antennas
3DD.003D59C9B5,Collection Point 4,6/15/19 19:54,Release Pond Antennas
3DD.003D59C9B6,Collection Point 4,6/17/19 11:11,Release Pond Antennas
3DD.003D59C9B7,Collection Point 4,6/15/19 19:56,Release Pond Antennas
3DD.003D59C9B8,Collection Point 4,6/17/19 11:19,Release Pond Antennas
3DD.003D59C9BA,Collection Point 4,6/17/19 11:33,Release Pond Antennas
3DD.003D59C9BC,Collection Point 4,6/14/19 20:03,Release Pond Antennas
3DD.003D59C9BE,Collection Point 4,6/17/19 11:14,Release Pond Antennas
3DD.003D59C9BF,Collection Point 4,6/17/19 11:20,Release Pond Antennas
3DD.003D59C9C1,Collection Point 4,6/15/19 20:00,Release Pond Antennas
3DD.003D59C9C2,Collection Point 4,6/15/19 19:40,Release Pond Antennas
3DD.003D59C9C3,Collection Point 4,6/17/19 11:35,Release Pond Antennas
3DD.003D59C9C4,Collection Point 4,6/17/19 11:30,Release Pond Antennas
3DD.003D59C9C5,Collection Point 4,6/15/19 19:59,Release Pond Antennas
3DD.003D59C9C6,Collection Point 4,6/17/19 11:22,Release Pond Antennas
3DD.003D59C9C7,Collection Point 4,6/16/19 12:40,Release Pond Antennas
3DD.003D59C9C8,Collection Point 4,6/16/19 19:09,Release Pond Antennas
3DD.003D59C9CA,Collection Point 4,6/16/19 19:19,Release Pond Antennas
3DD.003D59C9CB,Collection Point 4,6/15/19 19:53,Release Pond Antennas
3DD.003D59C9CC,Collection Point 4,6/17/19 11:24,Release Pond Antennas
3DD.003D59C9CD,Collection Point 4,6/17/19 11:19,Release Pond Antennas
3DD.003D59C9CE,Collection Point 4,6/15/19 20:12,Release Pond Antennas
3DD.003D59C9CF,Collection Point 4,6/17/19 11:29,Release Pond Antennas
3DD.003D59C9D0,Collection Point 4,6/16/19 12:33,Release Pond Antennas
3DD.003D59C9D1,Collection Point 4,6/17/19 11:00,Release Pond Antennas
3DD.003D59C9D2,Collection Point 4,6/15/19 20:09,Release Pond Antennas
3DD.003D59C9D3,Collection Point 4,6/15/19 19:55,Release Pond Antennas
3DD.003D59C9D4,Collection Point 4,6/16/19 12:33,Release Pond Antennas
3DD.003D59C9D5,Collection Point 4,6/15/19 16:13,Release Pond Antennas
3DD.003D59C9D6,Collection Point 4,6/17/19 11:14,Release Pond Antennas
3DD.003D59C9D7,Collection Point 4,6/16/19 20:08,Release Pond Antennas
3DD.003D59C9D9,Collection Point 4,6/17/19 11:34,Release Pond Antennas
3DD.003D59C9DB,Collection Point 4,6/16/19 18:43,Release Pond Antennas
3DD.003D59C9DD,Collection Point 4,6/15/19 13:23,Release Pond Antennas
3DD.003D59C9DE,Collection Point 4,6/14/19 20:09,Release Pond Antennas
3DD.003D59C9DF,Collection Point 4,6/17/19 19:18,Release Pond Antennas
3DD.003D59C9E0,Collection Point 4,6/16/19 19:35,Release Pond Antennas
3DD.003D59C9E1,Collection Point 4,6/15/19 19:49,Release Pond Antennas
3DD.003D59C9E2,Collection Point 4,6/16/19 19:36,Release Pond Antennas
3DD.003D59C9E3,Collection Point 4,6/16/19 19:44,Release Pond Antennas
3DD.003D59C9E4,Collection Point 4,6/16/19 13:11,Release Pond Antennas
3DD.003D59C9E5,Collection Point 4,6/16/19 13:42,Release Pond Antennas
3DD.003D59C9E6,Collection Point 4,6/16/19 19:39,Release Pond Antennas
3DD.003D59C9E7,Collection Point 4,6/17/19 11:30,Release Pond Antennas
3DD.003D59C9E8,Collection Point 4,6/17/19 10:56,Release Pond Antennas
3DD.003D59C9E9,Collection Point 4,6/15/19 13:31,Release Pond Antennas
3DD.003D59C9EA,Collection Point 4,6/17/19 11:20,Release Pond Antennas
3DD.003D59C9EB,Collection Point 4,6/15/19 19:45,Release Pond Antennas
3DD.003D59C9EC,Collection Point 4,6/18/19 19:36,Release Pond Antennas
3DD.003D59C9ED,Collection Point 4,6/15/19 13:22,Release Pond Antennas
3DD.003D59C9EE,Collection Point 4,6/16/19 12:58,Release Pond Antennas
3DD.003D59C9EF,Collection Point 4,6/16/19 19:57,Release Pond Antennas
3DD.003D59C9F0,Collection Point 4,6/17/19 11:29,Release Pond Antennas
3DD.003D59C9F1,Collection Point 4,6/17/19 11:33,Release Pond Antennas
3DD.003D59C9F3,Collection Point 4,6/15/19 19:42,Release Pond Antennas
3DD.003D59C9F5,Collection Point 4,6/16/19 13:10,Release Pond Antennas
3DD.003D59C9F6,Collection Point 4,6/17/19 19:25,Release Pond Antennas
3DD.003D59C9F7,Collection Point 4,6/14/19 14:33,Release Pond Antennas
3DD.003D59C9F8,Collection Point 4,6/17/19 11:18,Release Pond Antennas
3DD.003D59C9FA,Collection Point 4,6/15/19 19:59,Release Pond Antennas
3DD.003D59C9FC,Collection Point 4,6/16/19 14:58,Release Pond Antennas
3DD.003D59C9FF,Collection Point 4,6/15/19 19:47,Release Pond Antennas
3DD.003D59CA00,Collection Point 4,6/16/19 19:33,Release Pond Antennas
3DD.003D59CA02,Collection Point 4,6/17/19 11:31,Release Pond Antennas
3DD.003D59CA04,Collection Point 4,6/17/19 11:32,Release Pond Antennas
3DD.003D59CA06,Collection Point 4,6/17/19 19:31,Release Pond Antennas
3DD.003D59CA07,Collection Point 4,6/17/19 11:18,Release Pond Antennas
3DD.003D59CA09,Collection Point 4,6/17/19 4:42,Release Pond Antennas
3DD.003D59CA0A,Collection Point 4,6/17/19 11:33,Release Pond Antennas
3DD.003D59CA0B,Collection Point 4,6/15/19 13:33,Release Pond Antennas
3DD.003D59CA0C,Collection Point 4,6/17/19 11:32,Release Pond Antennas
3DD.003D59CA0D,Collection Point 4,6/17/19 11:12,Release Pond Antennas
3DD.003D59CA0E,Collection Point 4,6/17/19 11:30,Release Pond Antennas
3DD.003D59CA11,Collection Point 4,6/17/19 11:15,Release Pond Antennas
3DD.003D59CA12,Collection Point 4,6/17/19 11:33,Release Pond Antennas
3DD.003D59CA13,Collection Point 4,6/17/19 11:11,Release Pond Antennas
3DD.003D59CA14,Collection Point 4,6/17/19 11:30,Release Pond Antennas
3DD.003D59CA15,Collection Point 4,6/17/19 11:20,Release Pond Antennas
3DD.003D59CA16,Collection Point 4,6/17/19 11:23,Release Pond Antennas
3DD.003D59CA17,Collection Point 4,6/19/19 11:59,Release Pond Antennas
3DD.003D59CA18,Collection Point 4,6/17/19 11:28,Release Pond Antennas
3DD.003D59CA19,Collection Point 4,6/17/19 11:34,Release Pond Antennas
3DD.003D59CA1A,Collection Point 4,6/17/19 11:21,Release Pond Antennas
3DD.003D59CA1B,Collection Point 4,6/17/19 11:28,Release Pond Antennas
3DD.003D59CA1D,Collection Point 4,6/16/19 20:34,Release Pond Antennas
3DD.003D59CA1E,Collection Point 4,6/17/19 11:17,Release Pond Antennas
3DD.003D59CA1F,Collection Point 4,6/18/19 4:26,Release Pond Antennas
3DD.003D59CA20,Collection Point 4,6/15/19 13:23,Release Pond Antennas
3DD.003D59CA22,Collection Point 4,6/17/19 11:11,Release Pond Antennas
3DD.003D59CA23,Collection Point 4,6/19/19 11:57,Release Pond Antennas
3DD.003D59CA24,Collection Point 4,6/17/19 11:18,Release Pond Antennas
3DD.003D59CA25,Collection Point 4,6/17/19 11:32,Release Pond Antennas
3DD.003D59CA26,Collection Point 4,6/16/19 19:40,Release Pond Antennas
3DD.003D59CA27,Collection Point 4,6/17/19 11:36,Release Pond Antennas
3DD.003D59CA28,Collection Point 4,6/17/19 11:32,Release Pond Antennas
3DD.003D59CA29,Collection Point 4,6/17/19 19:20,Release Pond Antennas
3DD.003D59CA2A,Collection Point 4,6/17/19 11:30,Release Pond Antennas
3DD.003D59CA2B,Collection Point 4,6/17/19 11:35,Release Pond Antennas
3DD.003D59CA2C,Collection Point 4,6/16/19 14:24,Release Pond Antennas
3DD.003D59CA2D,Collection Point 4,6/15/19 13:24,Release Pond Antennas
3DD.003D59CA2E,Collection Point 4,6/17/19 11:11,Release Pond Antennas
3DD.003D59CA2F,Collection Point 4,6/19/19 11:59,Release Pond Antennas
3DD.003D59CA30,Collection Point 4,6/17/19 20:03,Release Pond Antennas
3DD.003D59CA31,Collection Point 4,6/17/19 11:12,Release Pond Antennas
3DD.003D59CA32,Collection Point 4,6/17/19 11:22,Release Pond Antennas
3DD.003D59CA33,Collection Point 4,6/17/19 11:31,Release Pond Antennas
3DD.003D59CA34,Collection Point 4,6/19/19 11:59,Release Pond Antennas
3DD.003D59CA35,Collection Point 4,6/17/19 11:18,Release Pond Antennas
3DD.003D59CA36,Collection Point 4,6/17/19 11:30,Release Pond Antennas
3DD.003D59CA37,Collection Point 4,6/17/19 11:29,Release Pond Antennas
3DD.003D59CA38,Collection Point 4,6/17/19 11:13,Release Pond Antennas
3DD.003D59CA39,Collection Point 4,6/19/19 11:55,Release Pond Antennas
3DD.003D59CA3A,Collection Point 4,6/17/19 11:36,Release Pond Antennas
3DD.003D59CA3B,Collection Point 4,6/16/19 21:12,Release Pond Antennas
3DD.003D59CA3D,Collection Point 4,6/17/19 11:29,Release Pond Antennas
3DD.003D59CA3E,Collection Point 4,6/17/19 11:36,Release Pond Antennas
3DD.003D59CA3F,Collection Point 4,6/17/19 11:20,Release Pond Antennas
3DD.003D59CA40,Collection Point 4,6/17/19 19:32,Release Pond Antennas
3DD.003D59CA41,Collection Point 4,6/15/19 20:03,Release Pond Antennas
3DD.003D59CA42,Collection Point 4,6/15/19 13:57,Release Pond Antennas
3DD.003D59CA43,Collection Point 4,6/17/19 11:35,Release Pond Antennas
3DD.003D59CA44,Collection Point 4,6/16/19 19:23,Release Pond Antennas
3DD.003D59CA45,Collection Point 4,6/17/19 11:22,Release Pond Antennas
3DD.003D59CA46,Collection Point 4,6/17/19 11:18,Release Pond Antennas
3DD.003D59CA47,Collection Point 4,6/17/19 11:18,Release Pond Antennas
3DD.003D59CA48,Collection Point 4,6/17/19 11:36,Release Pond Antennas
3DD.003D59CA49,Collection Point 4,6/17/19 11:20,Release Pond Antennas
3DD.003D59CA4A,Collection Point 4,6/17/19 11:30,Release Pond Antennas
3DD.003D59CA4B,Collection Point 4,6/19/19 11:55,Release Pond Antennas
3DD.003D59CA4D,Collection Point 4,6/17/19 11:33,Release Pond Antennas
3DD.003D59CA4E,Collection Point 4,6/17/19 11:30,Release Pond Antennas
3DD.003D59CA4F,Collection Point 4,6/17/19 11:31,Release Pond Antennas
3DD.003D59CA51,Collection Point 4,6/17/19 19:31,Release Pond Antennas
3DD.003D59CA52,Collection Point 4,6/17/19 11:22,Release Pond Antennas
3DD.003D59CA53,Collection Point 4,6/19/19 11:59,Release Pond Antennas
3DD.003D59CA54,Collection Point 4,6/19/19 11:56,Release Pond Antennas
3DD.003D59CA55,Collection Point 4,6/17/19 11:19,Release Pond Antennas
3DD.003D59CA56,Collection Point 4,6/16/19 19:04,Release Pond Antennas
3DD.003D59CA58,Collection Point 4,6/17/19 11:31,Release Pond Antennas
3DD.003D59CA59,Collection Point 4,6/17/19 11:31,Release Pond Antennas
3DD.003D59CA5A,Collection Point 4,6/17/19 11:34,Release Pond Antennas
3DD.003D59CA5B,Collection Point 4,6/15/19 20:14,Release Pond Antennas
3DD.003D59CA5C,Collection Point 4,6/19/19 11:55,Release Pond Antennas
3DD.003D59CA5D,Collection Point 4,6/17/19 11:14,Release Pond Antennas
3DD.003D59CA5E,Collection Point 4,6/17/19 11:30,Release Pond Antennas
3DD.003D59CA5F,Collection Point 4,6/17/19 11:29,Release Pond Antennas
3DD.003D59CA60,Collection Point 4,6/17/19 11:30,Release Pond Antennas
3DD.003D59CA61,Collection Point 4,6/15/19 20:02,Release Pond Antennas
3DD.003D59CA63,Collection Point 4,6/17/19 11:33,Release Pond Antennas
3DD.003D59CA64,Collection Point 4,6/17/19 11:20,Release Pond Antennas
3DD.003D59CA65,Collection Point 4,6/17/19 11:33,Release Pond Antennas
3DD.003D59CA66,Collection Point 4,6/17/19 11:32,Release Pond Antennas
3DD.003D59CA67,Collection Point 4,6/16/19 4:37,Release Pond Antennas
3DD.003D59CA68,Collection Point 4,6/17/19 11:30,Release Pond Antennas
3DD.003D59CA69,Collection Point 4,6/17/19 11:31,Release Pond Antennas
3DD.003D59CA6A,Collection Point 4,6/17/19 11:29,Release Pond Antennas
3DD.003D59CA6B,Collection Point 4,6/17/19 11:20,Release Pond Antennas
3DD.003D59CA6C,Collection Point 4,6/15/19 19:51,Release Pond Antennas
3DD.003D59CA6F,Collection Point 4,6/16/19 12:44,Release Pond Antennas
3DD.003D59CA71,Collection Point 4,6/17/19 11:32,Release Pond Antennas
3DD.003D59CA72,Collection Point 4,6/15/19 19:50,Release Pond Antennas
3DD.003D59CA73,Collection Point 4,6/16/19 19:25,Release Pond Antennas
3DD.003D59CA74,Collection Point 4,6/17/19 11:23,Release Pond Antennas
3DD.003D59CA75,Collection Point 4,6/17/19 11:29,Release Pond Antennas
3DD.003D59CA76,Collection Point 4,6/15/19 19:59,Release Pond Antennas
3DD.003D59CA77,Collection Point 4,6/15/19 21:43,Release Pond Antennas
3DD.003D59CA78,Collection Point 4,6/15/19 19:55,Release Pond Antennas
3DD.003D59CA79,Collection Point 4,6/17/19 11:16,Release Pond Antennas
3DD.003D59CA7A,Collection Point 4,6/15/19 13:23,Release Pond Antennas
3DD.003D59CA7B,Collection Point 4,6/17/19 11:22,Release Pond Antennas
3DD.003D59CA7C,Collection Point 4,6/19/19 11:57,Release Pond Antennas
3DD.003D59CA7D,Collection Point 4,6/15/19 20:07,Release Pond Antennas
3DD.003D59CA7E,Collection Point 4,6/16/19 15:29,Release Pond Antennas
3DD.003D59CA7F,Collection Point 4,6/17/19 11:30,Release Pond Antennas
3DD.003D59CA80,Collection Point 4,6/15/19 19:58,Release Pond Antennas
3DD.003D59CA81,Collection Point 4,6/17/19 11:34,Release Pond Antennas
3DD.003D59CA82,Collection Point 4,6/17/19 11:18,Release Pond Antennas
3DD.003D59CA83,Collection Point 4,6/19/19 11:55,Release Pond Antennas
3DD.003D59CA84,Collection Point 4,6/17/19 11:12,Release Pond Antennas
3DD.003D59CA85,Collection Point 4,6/16/19 19:32,Release Pond Antennas
3DD.003D59CA86,Collection Point 4,6/15/19 19:38,Release Pond Antennas
3DD.003D59CA87,Collection Point 4,6/16/19 15:33,Release Pond Antennas
3DD.003D59CA88,Collection Point 4,6/17/19 11:19,Release Pond Antennas
3DD.003D59CA89,Collection Point 4,6/17/19 11:11,Release Pond Antennas
3DD.003D59CA8A,Collection Point 4,6/17/19 11:29,Release Pond Antennas
3DD.003D59CA8B,Collection Point 4,6/17/19 11:28,Release Pond Antennas
3DD.003D59CA8C,Collection Point 4,6/15/19 19:46,Release Pond Antennas
3DD.003D59CA8D,Collection Point 4,6/16/19 19:19,Release Pond Antennas
3DD.003D59CA8E,Collection Point 4,6/17/19 11:30,Release Pond Antennas
3DD.003D59CA8F,Collection Point 4,6/17/19 11:18,Release Pond Antennas
3DD.003D59CA90,Collection Point 4,6/17/19 11:31,Release Pond Antennas
3DD.003D59CA91,Collection Point 4,6/15/19 19:41,Release Pond Antennas
3DD.003D59CA92,Collection Point 4,6/19/19 11:56,Release Pond Antennas
3DD.003D59CA93,Collection Point 4,6/17/19 11:32,Release Pond Antennas
3DD.003D59CA95,Collection Point 4,6/16/19 19:34,Release Pond Antennas
3DD.003D59CA96,Collection Point 4,6/17/19 11:30,Release Pond Antennas
3DD.003D59CA97,Collection Point 4,6/17/19 11:15,Release Pond Antennas
3DD.003D59CA98,Collection Point 4,6/15/19 20:00,Release Pond Antennas
3DD.003D59CA99,Collection Point 4,6/17/19 11:19,Release Pond Antennas
3DD.003D59CA9A,Collection Point 4,6/17/19 11:23,Release Pond Antennas
3DD.003D59CA9B,Collection Point 4,6/15/19 19:53,Release Pond Antennas
3DD.003D59CA9C,Collection Point 4,6/19/19 11:57,Release Pond Antennas
3DD.003D59CA9D,Collection Point 4,6/17/19 11:16,Release Pond Antennas
3DD.003D59CA9E,Collection Point 4,6/16/19 19:35,Release Pond Antennas
3DD.003D59CA9F,Collection Point 4,6/15/19 20:13,Release Pond Antennas
3DD.003D59CAA0,Collection Point 4,6/17/19 11:28,Release Pond Antennas
3DD.003D59CAA1,Collection Point 4,6/15/19 19:59,Release Pond Antennas
3DD.003D59CAA2,Collection Point 4,6/17/19 11:28,Release Pond Antennas
3DD.003D59CAA3,Collection Point 4,6/16/19 19:26,Release Pond Antennas
3DD.003D59CAA4,Collection Point 4,6/17/19 11:25,Release Pond Antennas
3DD.003D59CAA5,Collection Point 4,6/17/19 11:25,Release Pond Antennas
3DD.003D59CAA6,Collection Point 4,6/17/19 11:34,Release Pond Antennas
3DD.003D59CAA7,Collection Point 4,6/17/19 11:11,Release Pond Antennas
3DD.003D59CAA8,Collection Point 4,6/17/19 10:57,Release Pond Antennas
3DD.003D59CAA9,Collection Point 4,6/17/19 11:17,Release Pond Antennas
3DD.003D59CAAA,Collection Point 4,6/17/19 11:27,Release Pond Antennas
3DD.003D59CAAB,Collection Point 4,6/17/19 11:19,Release Pond Antennas
3DD.003D59CAAC,Collection Point 4,6/15/19 19:59,Release Pond Antennas
3DD.003D59CAAD,Collection Point 4,6/17/19 11:29,Release Pond Antennas
3DD.003D59CAAE,Collection Point 4,6/17/19 11:29,Release Pond Antennas
3DD.003D59CAAF,Collection Point 4,6/17/19 11:18,Release Pond Antennas
3DD.003D59CAB0,Collection Point 4,6/15/19 20:00,Release Pond Antennas
3DD.003D59CAB1,Collection Point 4,6/15/19 20:07,Release Pond Antennas
3DD.003D59CAB2,Collection Point 4,6/15/19 19:39,Release Pond Antennas
3DD.003D59CAB3,Collection Point 4,6/15/19 20:09,Release Pond Antennas
3DD.003D59CAB4,Collection Point 4,6/15/19 20:00,Release Pond Antennas
3DD.003D59CAB5,Collection Point 4,6/17/19 11:23,Release Pond Antennas
3DD.003D59CAB6,Collection Point 4,6/17/19 11:32,Release Pond Antennas
3DD.003D59CAB7,Collection Point 4,6/17/19 19:31,Release Pond Antennas
3DD.003D59CAB8,Collection Point 4,6/17/19 11:32,Release Pond Antennas
3DD.003D59CAB9,Collection Point 4,6/17/19 11:33,Release Pond Antennas
3DD.003D59CABA,Collection Point 4,6/16/19 19:30,Release Pond Antennas
3DD.003D59CABB,Collection Point 4,6/15/19 13:22,Release Pond Antennas
3DD.003D59CABC,Collection Point 2,6/18/19 20:06,Parallel.horizontal.5ft
3DD.003D59CABC,Collection Point 4,6/15/19 20:03,Release Pond Antennas
3DD.003D59CABD,Collection Point 4,6/17/19 11:34,Release Pond Antennas
3DD.003D59CABE,Collection Point 4,6/17/19 11:33,Release Pond Antennas
3DD.003D59CABF,Collection Point 4,6/15/19 19:52,Release Pond Antennas
3DD.003D59CAC0,Collection Point 4,6/15/19 19:47,Release Pond Antennas
3DD.003D59CAC1,Collection Point 4,6/16/19 19:36,Release Pond Antennas
3DD.003D59CAC2,Collection Point 4,6/17/19 11:11,Release Pond Antennas
3DD.003D59CAC3,Collection Point 4,6/17/19 11:32,Release Pond Antennas
3DD.003D59CAC4,Collection Point 4,6/17/19 19:30,Release Pond Antennas
3DD.003D59CAC5,Collection Point 4,6/17/19 11:31,Release Pond Antennas
3DD.003D59CAC6,Collection Point 4,6/17/19 11:34,Release Pond Antennas
3DD.003D59CAC7,Collection Point 4,6/16/19 19:46,Release Pond Antennas
3DD.003D59CAC8,Collection Point 4,6/15/19 20:01,Release Pond Antennas
3DD.003D59CAC9,Collection Point 4,6/17/19 11:32,Release Pond Antennas
3DD.003D59CACC,Collection Point 3,6/6/19 9:53,Towed Flexible Antenna System
3DD.003D59CB07,Collection Point 3,6/7/19 8:25,Towed Flexible Antenna System
3DD.003D59CB17,Collection Point 3,6/6/19 21:54,MATRIX TRAWL [CURRENT]
3DD.003D59CB92,Collection Point 4,6/22/19 9:43,Release Pond Antennas
3DD.003D59CB93,Collection Point 4,6/14/19 20:11,Release Pond Antennas
3DD.003D59CB94,Collection Point 4,6/14/19 20:04,Release Pond Antennas
3DD.003D59CB99,Collection Point 2,6/15/19 4:49,Parallel.horizontal.25ft
3DD.003D59CB9F,Collection Point 4,6/15/19 18:06,Release Pond Antennas
3DD.003D59CBA2,Collection Point 4,6/17/19 19:21,Release Pond Antennas
3DD.003D59CBA4,Collection Point 4,6/14/19 20:23,Release Pond Antennas
3DD.003D59CBA6,Collection Point 4,6/15/19 19:58,Release Pond Antennas
3DD.003D59CBA8,Collection Point 4,6/17/19 11:36,Release Pond Antennas
3DD.003D59CBAC,Collection Point 4,6/14/19 20:20,Release Pond Antennas
3DD.003D59CBAF,Collection Point 4,6/14/19 20:08,Release Pond Antennas
3DD.003D59CBB3,Collection Point 4,6/14/19 20:05,Release Pond Antennas
3DD.003D59CBB7,Collection Point 4,6/14/19 20:05,Release Pond Antennas
3DD.003D59CBC3,Collection Point 3,6/14/19 20:15,MATRIX TRAWL [CURRENT]
3DD.003D59CBCA,Collection Point 4,6/14/19 20:01,Release Pond Antennas
3DD.003D59CBD1,Collection Point 4,6/14/19 20:16,Release Pond Antennas
3DD.003D59CBD4,Collection Point 4,6/14/19 14:12,Release Pond Antennas
3DD.003D59CBDD,Collection Point 4,6/15/19 18:57,Release Pond Antennas
3DD.003D59CBE2,Collection Point 4,6/14/19 18:39,Release Pond Antennas
3DD.003D59CBEA,Collection Point 4,6/14/19 20:11,Release Pond Antennas
3DD.003D59CBEB,Collection Point 4,6/14/19 20:26,Release Pond Antennas
3DD.003D59CBEC,Collection Point 4,6/15/19 13:34,Release Pond Antennas
3DD.003D59CBED,Collection Point 4,6/14/19 14:22,Release Pond Antennas
3DD.003D59CBF0,Collection Point 4,6/14/19 20:01,Release Pond Antennas
3DD.003D59CBF1,Collection Point 4,6/14/19 20:09,Release Pond Antennas
3DD.003D59CBF3,Collection Point 4,6/14/19 20:01,Release Pond Antennas
3DD.003D59CC02,Collection Point 3,5/30/19 7:30,Towed Flexible Antenna System
3DD.003D59CC09,Collection Point 3,6/10/19 6:38,MATRIX TRAWL [CURRENT]
3DD.003D59CC28,Collection Point 3,5/29/19 10:12,Towed Flexible Antenna System
3DD.003D59CC53,Collection Point 3,5/30/19 8:09,Towed Flexible Antenna System
3DD.003D59CC5B,Final Collection Point ,5/8/19 22:33,Sorting Rack Antenna
3DD.003D59CC5C,Final Collection Point ,5/11/19 2:00,Sorting Rack Antenna
3DD.003D59CC61,Final Collection Point ,5/4/19 0:30,Sorting Rack Antenna
3DD.003D59CC62,Final Collection Point ,5/22/19 16:39,Sorting Rack Antenna
3DD.003D59CC63,Final Collection Point ,5/5/19 23:29,Sorting Rack Antenna
3DD.003D59CC64,Final Collection Point ,6/1/19 3:02,Sorting Rack Antenna
3DD.003D59CC66,Final Collection Point ,5/31/19 13:23,Sorting Rack Antenna
3DD.003D59CC67,Final Collection Point ,5/24/19 0:04,Port Smolt Flume Antenna
3DD.003D59CC68,Final Collection Point ,5/24/19 22:11,Sorting Rack Antenna
3DD.003D59CC6A,Final Collection Point ,5/12/19 4:14,Sorting Rack Antenna
3DD.003D59CC6B,Final Collection Point ,5/13/19 2:07,Sorting Rack Antenna
3DD.003D59CC6D,Final Collection Point ,5/15/19 0:07,Sorting Rack Antenna
3DD.003D59CC6E,Final Collection Point ,5/14/19 17:20,Sorting Rack Antenna
3DD.003D59CC70,Final Collection Point ,5/17/19 4:22,Sorting Rack Antenna
3DD.003D59CC71,Final Collection Point ,5/28/19 4:43,Sorting Rack Antenna
3DD.003D59CC71,Collection Point 3,5/29/19 9:53,Towed Flexible Antenna System
3DD.003D59CC72,Final Collection Point ,5/11/19 4:12,Sorting Rack Antenna
3DD.003D59CC75,Final Collection Point ,5/20/19 11:21,Sorting Rack Antenna
3DD.003D59CC7A,Final Collection Point ,5/22/19 23:48,Port Smolt Flume Antenna
3DD.003D59CC7D,Final Collection Point ,5/11/19 0:50,Sorting Rack Antenna
3DD.003D59CC80,Final Collection Point ,5/23/19 22:48,Port Smolt Flume Antenna
3DD.003D59CC81,Final Collection Point ,5/11/19 16:07,Sorting Rack Antenna
3DD.003D59CC86,Final Collection Point ,5/31/19 15:05,Sorting Rack Antenna
3DD.003D59CC88,Final Collection Point ,5/31/19 23:13,Sorting Rack Antenna
3DD.003D59CC89,Final Collection Point ,5/25/19 7:59,Sorting Rack Antenna
3DD.003D59CC8A,Final Collection Point ,5/10/19 22:51,Sorting Rack Antenna
3DD.003D59CC8B,Final Collection Point ,5/10/19 3:50,Port Smolt Flume Antenna
3DD.003D59CC8C,Final Collection Point ,5/23/19 4:15,Sorting Rack Antenna
3DD.003D59CC8D,Final Collection Point ,5/14/19 23:40,Port Smolt Flume Antenna
3DD.003D59CC91,Final Collection Point ,5/26/19 3:56,Sorting Rack Antenna
3DD.003D59CC92,Final Collection Point ,5/27/19 4:06,Sorting Rack Antenna
3DD.003D59CC95,Final Collection Point ,6/2/19 9:15,Sorting Rack Antenna
3DD.003D59CC97,Final Collection Point ,5/23/19 2:02,Sorting Rack Antenna
3DD.003D59CC98,Final Collection Point ,5/26/19 8:15,Sorting Rack Antenna
3DD.003D59CC99,Final Collection Point ,5/31/19 11:02,Sorting Rack Antenna
3DD.003D59CC9B,Final Collection Point ,5/5/19 21:50,Sorting Rack Antenna
3DD.003D59CC9C,Final Collection Point ,5/20/19 23:17,Sorting Rack Antenna
3DD.003D59CCA0,Final Collection Point ,5/19/19 13:15,Sorting Rack Antenna
3DD.003D59CCA1,Final Collection Point ,5/20/19 4:22,Sorting Rack Antenna
3DD.003D59CCA2,Final Collection Point ,5/11/19 4:38,Sorting Rack Antenna
3DD.003D59CCA3,Final Collection Point ,5/25/19 9:38,Sorting Rack Antenna
3DD.003D59CCA4,Final Collection Point ,5/11/19 11:12,Sorting Rack Antenna
3DD.003D59CCA4,Collection Point 3,5/17/19 8:20,MATRIX TRAWL [CURRENT]
3DD.003D59CCA5,Final Collection Point ,5/24/19 3:26,Port Smolt Flume Antenna
3DD.003D59CCA7,Final Collection Point ,5/27/19 18:13,Sorting Rack Antenna
3DD.003D59CCA9,Final Collection Point ,6/9/19 23:46,Sorting Rack Antenna
3DD.003D59CCAA,Final Collection Point ,5/5/19 23:39,Sorting Rack Antenna
3DD.003D59CCAC,Final Collection Point ,6/2/19 16:21,Sorting Rack Antenna
3DD.003D59CCAD,Final Collection Point ,5/25/19 4:14,Sorting Rack Antenna
3DD.003D59CCAF,Final Collection Point ,5/11/19 4:14,Sorting Rack Antenna
3DD.003D59CCB1,Final Collection Point ,6/3/19 12:21,Sorting Rack Antenna
3DD.003D59CCB4,Final Collection Point ,6/6/19 3:24,Sorting Rack Antenna
3DD.003D59CCB5,Final Collection Point ,5/11/19 10:44,Sorting Rack Antenna
3DD.003D59CCB8,Final Collection Point ,6/1/19 0:49,Port Smolt Flume Antenna
3DD.003D59CCB9,Final Collection Point ,5/8/19 13:26,Sorting Rack Antenna
3DD.003D59CCBB,Final Collection Point ,5/16/19 12:05,Sorting Rack Antenna
3DD.003D59CDEB,Collection Point 3,6/13/19 6:33,Towed Flexible Antenna System
3DD.003D59CE14,Collection Point 3,6/14/19 21:29,MATRIX TRAWL [CURRENT]
3DD.003D59CE3D,Collection Point 3,6/12/19 9:59,Towed Flexible Antenna System
3DD.003D59CEB2,Collection Point 3,6/5/19 22:44,MATRIX TRAWL [CURRENT]
3DD.003D59CEC0,Collection Point 3,6/9/19 8:36,MATRIX TRAWL [CURRENT]
3DD.003D59CEEA,Collection Point 3,6/6/19 5:13,Towed Flexible Antenna System
3DD.003D59CF10,Collection Point 3,6/6/19 6:06,MATRIX TRAWL [CURRENT]
3DD.003D59CF11,Collection Point 3,6/7/19 6:46,Towed Flexible Antenna System
3DD.003D5C1A12,Collection Point 3,6/9/19 19:55,MATRIX TRAWL [CURRENT]
3DD.003D5C1A2E,Collection Point 3,6/5/19 5:18,Towed Flexible Antenna System
3DD.003D5C1A56,Collection Point 3,6/5/19 9:00,Towed Flexible Antenna System
3DD.003D5C1A6A,Collection Point 3,6/5/19 5:25,Towed Flexible Antenna System
3DD.003D5C1A75,Collection Point 3,6/5/19 5:22,Towed Flexible Antenna System
3DD.003D5C1A8E,Collection Point 3,5/31/19 6:43,Towed Flexible Antenna System
3DD.003D5C1A98,Collection Point 3,6/1/19 8:26,MATRIX TRAWL [CURRENT]
3DD.003D5C1ABF,Collection Point 3,5/30/19 7:32,Towed Flexible Antenna System
3DD.003D5C1AD1,Collection Point 3,5/30/19 7:50,Towed Flexible Antenna System
3DD.003D5C1C1E,Collection Point 3,5/28/19 9:02,Towed Flexible Antenna System
3DD.003D5C1C45,Collection Point 3,5/31/19 0:40,MATRIX TRAWL [CURRENT]
3DD.003D5C1C58,Collection Point 3,5/30/19 7:57,Towed Flexible Antenna System
3DD.003D5C1C69,Collection Point 3,5/27/19 9:02,Towed Flexible Antenna System
3DD.003D5C1C8F,Collection Point 3,5/29/19 5:34,Towed Flexible Antenna System
3DD.003D5C1C9D,Collection Point 3,5/27/19 5:55,Towed Flexible Antenna System
3DD.003D5C1CA8,Collection Point 3,5/28/19 11:11,MATRIX TRAWL [CURRENT]
3DD.003D5C1CAE,Collection Point 3,5/27/19 7:36,Towed Flexible Antenna System
3DD.003D5C1CCB,Collection Point 3,5/28/19 20:26,MATRIX TRAWL [CURRENT]
3DD.003D5C1CD3,Final Collection Point ,6/2/19 14:14,Sorting Rack Antenna
3DD.003D5C1CDB,Final Collection Point ,5/28/19 2:56,Sorting Rack Antenna
3DD.003D5C1CDE,Final Collection Point ,6/5/19 9:58,Sorting Rack Antenna
3DD.003D5C1CE0,Final Collection Point ,5/26/19 16:03,Sorting Rack Antenna
3DD.003D5C1CE2,Final Collection Point ,5/29/19 0:24,Sorting Rack Antenna
3DD.003D5C1CE4,Final Collection Point ,6/8/19 4:28,Sorting Rack Antenna
3DD.003D5C1CE9,Final Collection Point ,6/2/19 15:34,Sorting Rack Antenna
3DD.003D5C1CEB,Final Collection Point ,6/15/19 11:09,Sorting Rack Antenna
3DD.003D5C1CEB,Collection Point 4,6/17/19 11:29,Release Pond Antennas
3DD.003D5C1CF7,Final Collection Point ,6/14/19 14:33,Sorting Rack Antenna
3DD.003D5C1CF7,Collection Point 4,6/17/19 11:30,Release Pond Antennas
3DD.003D5C1CFD,Final Collection Point ,5/25/19 2:44,Sorting Rack Antenna
3DD.003D5C1D06,Final Collection Point ,5/30/19 0:07,Sorting Rack Antenna
3DD.003D5C1D0E,Final Collection Point ,5/23/19 17:22,Sorting Rack Antenna
3DD.003D5C1D10,Final Collection Point ,5/31/19 16:26,Sorting Rack Antenna
3DD.003D5C1D18,Final Collection Point ,5/31/19 5:34,Sorting Rack Antenna
3DD.003D5C1D30,Final Collection Point ,5/30/19 7:56,Sorting Rack Antenna
3DD.003D5C1D31,Collection Point 3,5/27/19 7:46,Towed Flexible Antenna System
3DD.003D5C1D32,Final Collection Point ,5/27/19 19:54,Sorting Rack Antenna
3DD.003D5C1DA7,Collection Point 3,6/14/19 9:23,Towed Flexible Antenna System
3DD.003D5C1DB4,Collection Point 4,6/15/19 19:37,Release Pond Antennas
3DD.003D5C1DF4,Collection Point 4,6/17/19 11:30,Release Pond Antennas
3DD.003D5C1DFA,Collection Point 3,6/13/19 7:08,Towed Flexible Antenna System
3DD.003D5C1FE8,Final Collection Point ,5/11/19 4:16,Sorting Rack Antenna
3DD.003D5C1FEA,Final Collection Point ,4/24/19 20:14,Sorting Rack Antenna
3DD.003D5C1FEA,Collection Point 4,4/25/19 13:30,Release Pond Antennas
3DD.003D5C1FEB,Final Collection Point ,5/9/19 3:01,Sorting Rack Antenna
3DD.003D5C1FEC,Final Collection Point ,5/25/19 23:03,Sorting Rack Antenna
3DD.003D5C2095,Collection Point 3,6/5/19 7:21,MATRIX TRAWL [CURRENT]
3DD.003D5C20D7,Collection Point 3,6/6/19 5:45,MATRIX TRAWL [CURRENT]
3DD.003D5C20E6,Collection Point 3,6/5/19 9:51,Towed Flexible Antenna System
3DD.003D5C20FE,Collection Point 3,6/5/19 5:32,Towed Flexible Antenna System
3DD.003D5C2111,Collection Point 3,6/5/19 7:13,Towed Flexible Antenna System
3DD.003D5C2183,Final Collection Point ,5/27/19 15:46,Sorting Rack Antenna
3DD.003D5C2184,Final Collection Point ,6/7/19 5:43,Sorting Rack Antenna
3DD.003D5C2185,Final Collection Point ,6/2/19 17:41,Sorting Rack Antenna
3DD.003D5C2186,Final Collection Point ,6/2/19 16:15,Sorting Rack Antenna
3DD.003D5C2187,Final Collection Point ,6/27/19 13:28,Sorting Rack Antenna
3DD.003D5C2188,Final Collection Point ,5/31/19 19:13,Sorting Rack Antenna
3DD.003D5C2189,Final Collection Point ,5/23/19 19:02,Sorting Rack Antenna
3DD.003D5C218B,Final Collection Point ,6/11/19 20:49,Sorting Rack Antenna
3DD.003D5C218C,Final Collection Point ,5/23/19 0:04,Sorting Rack Antenna
3DD.003D5C218D,Final Collection Point ,6/2/19 13:12,Sorting Rack Antenna
3DD.003D5C218E,Final Collection Point ,5/31/19 13:43,Sorting Rack Antenna
3DD.003D5C2191,Final Collection Point ,6/11/19 4:20,Sorting Rack Antenna
3DD.003D5C2191,Collection Point 3,6/12/19 19:39,MATRIX TRAWL [CURRENT]
3DD.003D5C2192,Final Collection Point ,5/28/19 6:43,Sorting Rack Antenna
3DD.003D5C2192,Collection Point 3,5/30/19 9:42,Towed Flexible Antenna System
3DD.003D5C2197,Final Collection Point ,6/2/19 11:16,Sorting Rack Antenna
3DD.003D5C2198,Final Collection Point ,5/29/19 12:47,Sorting Rack Antenna
3DD.003D5C2199,Final Collection Point ,6/2/19 15:38,Sorting Rack Antenna
3DD.003D5C219A,Final Collection Point ,5/22/19 23:49,Sorting Rack Antenna
3DD.003D5C219C,Final Collection Point ,5/23/19 15:50,Sorting Rack Antenna
3DD.003D5C219F,Final Collection Point ,6/3/19 14:48,Sorting Rack Antenna
3DD.003D5C21A0,Final Collection Point ,5/29/19 9:33,Sorting Rack Antenna
3DD.003D5C21A1,Final Collection Point ,5/24/19 4:32,Sorting Rack Antenna
3DD.003D5C21A2,Final Collection Point ,5/23/19 6:19,Sorting Rack Antenna
3DD.003D5C21A4,Final Collection Point ,6/15/19 10:35,Sorting Rack Antenna
3DD.003D5C21A4,Collection Point 4,6/15/19 20:00,Release Pond Antennas
3DD.003D5C21A5,Final Collection Point ,5/23/19 16:55,Sorting Rack Antenna
3DD.003D5C21A6,Final Collection Point ,5/31/19 12:03,Port Smolt Flume Antenna
3DD.003D5C21A8,Final Collection Point ,5/28/19 19:05,Sorting Rack Antenna
3DD.003D5C21A9,Final Collection Point ,6/8/19 4:46,Sorting Rack Antenna
3DD.003D5C21AA,Final Collection Point ,5/26/19 16:11,Sorting Rack Antenna
3DD.003D5C21AB,Final Collection Point ,6/2/19 10:34,Sorting Rack Antenna
3DD.003D5C21AC,Final Collection Point ,6/15/19 16:40,Sorting Rack Antenna
3DD.003D5C21AC,Collection Point 4,6/17/19 11:31,Release Pond Antennas
3DD.003D5C21AE,Final Collection Point ,5/26/19 15:01,Sorting Rack Antenna
3DD.003D5C21B0,Final Collection Point ,5/31/19 11:04,Sorting Rack Antenna
3DD.003D5C21B1,Final Collection Point ,5/31/19 12:30,Sorting Rack Antenna
3DD.003D5C21B2,Final Collection Point ,5/31/19 16:42,Sorting Rack Antenna
3DD.003D5C21B8,Final Collection Point ,5/27/19 4:04,Port Smolt Flume Antenna
3DD.003D5C21B9,Final Collection Point ,6/3/19 6:50,Sorting Rack Antenna
3DD.003D5C21BB,Final Collection Point ,6/3/19 5:18,Sorting Rack Antenna
3DD.003D5C21BF,Final Collection Point ,5/27/19 7:11,Sorting Rack Antenna
3DD.003D5C21C0,Final Collection Point ,5/24/19 3:25,Port Smolt Flume Antenna
3DD.003D5C21C3,Final Collection Point ,5/28/19 8:41,Sorting Rack Antenna
3DD.003D5C21C5,Final Collection Point ,6/6/19 16:42,Sorting Rack Antenna
3DD.003D5C21C7,Final Collection Point ,6/3/19 8:30,Sorting Rack Antenna
3DD.003D5C21C8,Final Collection Point ,5/31/19 18:45,Sorting Rack Antenna
3DD.003D5C21CB,Final Collection Point ,5/25/19 8:06,Sorting Rack Antenna
3DD.003D5C21CC,Final Collection Point ,5/25/19 10:16,Sorting Rack Antenna
3DD.003D5C21CC,Collection Point 3,5/27/19 8:11,MATRIX TRAWL [CURRENT]
3DD.003D5C21D3,Final Collection Point ,5/23/19 4:05,Sorting Rack Antenna
3DD.003D5C21D5,Final Collection Point ,6/2/19 11:23,Sorting Rack Antenna
3DD.003D5C21D8,Final Collection Point ,5/28/19 2:08,Sorting Rack Antenna
3DD.003D5C21DB,Final Collection Point ,5/31/19 15:16,Sorting Rack Antenna
3DD.003D5C21DC,Final Collection Point ,6/7/19 10:06,Sorting Rack Antenna
3DD.003D5C21E0,Final Collection Point ,6/14/19 10:32,Sorting Rack Antenna
3DD.003D5C21E0,Collection Point 4,6/14/19 14:23,Release Pond Antennas
3DD.003D5C21E2,Final Collection Point ,6/1/19 18:25,Sorting Rack Antenna
3DD.003D5C21E3,Final Collection Point ,6/2/19 12:25,Sorting Rack Antenna
3DD.003D5C21E4,Final Collection Point ,6/24/19 13:49,Sorting Rack Antenna
3DD.003D5C21E5,Final Collection Point ,6/1/19 5:41,Sorting Rack Antenna
3DD.003D5C21E6,Final Collection Point ,6/17/19 13:33,Sorting Rack Antenna
3DD.003D5C21E6,Collection Point 4,6/18/19 12:48,Release Pond Antennas
3DD.003D5C222A,Collection Point 3,5/21/19 1:29,MATRIX TRAWL [CURRENT]
3DD.003D5C22F2,Final Collection Point ,6/24/19 2:00,Sorting Rack Antenna
3DD.003D5C238B,Final Collection Point ,6/7/19 0:34,Sorting Rack Antenna
3DD.003D5C23A9,Final Collection Point ,6/15/19 12:30,Sorting Rack Antenna
3DD.003D5C23D4,Final Collection Point ,6/11/19 6:46,Sorting Rack Antenna
3DD.003D5C23D5,Collection Point 4,6/19/19 11:55,Release Pond Antennas
3DD.003D5C23DE,Final Collection Point ,5/22/19 22:44,Sorting Rack Antenna
3DD.003D5C2433,Collection Point 3,5/15/19 23:48,MATRIX TRAWL [CURRENT]
3DD.003D5C24A5,Collection Point 4,6/19/19 11:54,Release Pond Antennas
3DD.003D5C24A7,Collection Point 4,6/19/19 4:20,Release Pond Antennas
3DD.003D5C24A9,Collection Point 4,6/18/19 19:59,Release Pond Antennas
3DD.003D5C24AA,Collection Point 4,6/17/19 11:24,Release Pond Antennas
3DD.003D5C24AB,Collection Point 4,6/19/19 11:53,Release Pond Antennas
3DD.003D5C24AE,Collection Point 4,6/17/19 11:31,Release Pond Antennas
3DD.003D5C24AF,Collection Point 4,6/19/19 11:55,Release Pond Antennas
3DD.003D5C24B0,Collection Point 4,6/19/19 11:59,Release Pond Antennas
3DD.003D5C24B1,Collection Point 4,6/17/19 11:32,Release Pond Antennas
3DD.003D5C24B2,Collection Point 4,6/19/19 11:56,Release Pond Antennas
3DD.003D5C24B3,Collection Point 4,6/19/19 11:59,Release Pond Antennas
3DD.003D5C24B5,Collection Point 4,6/17/19 20:32,Release Pond Antennas
3DD.003D5C24B6,Collection Point 4,6/17/19 19:11,Release Pond Antennas
3DD.003D5C24B7,Collection Point 4,6/19/19 11:54,Release Pond Antennas
3DD.003D5C24B8,Collection Point 4,6/19/19 11:55,Release Pond Antennas
3DD.003D5C24B9,Collection Point 4,6/19/19 11:55,Release Pond Antennas
3DD.003D5C24BA,Collection Point 4,6/17/19 11:16,Release Pond Antennas
3DD.003D5C24BB,Collection Point 4,6/17/19 12:52,Release Pond Antennas
3DD.003D5C24BC,Collection Point 4,6/18/19 12:45,Release Pond Antennas
3DD.003D5C24BE,Collection Point 4,6/18/19 12:58,Release Pond Antennas
3DD.003D5C24BF,Collection Point 4,6/18/19 17:58,Release Pond Antennas
3DD.003D5C24C0,Collection Point 4,6/19/19 10:20,Release Pond Antennas
3DD.003D5C24C1,Collection Point 4,6/18/19 17:13,Release Pond Antennas
3DD.003D5C24C6,Collection Point 4,6/19/19 11:53,Release Pond Antennas
3DD.003D5C24C7,Collection Point 4,6/19/19 11:56,Release Pond Antennas
3DD.003D5C24CA,Collection Point 4,6/17/19 11:32,Release Pond Antennas
3DD.003D5C24CB,Collection Point 4,6/17/19 11:23,Release Pond Antennas
3DD.003D5C24CC,Collection Point 4,6/17/19 11:16,Release Pond Antennas
3DD.003D5C24CD,Collection Point 4,6/19/19 11:59,Release Pond Antennas
3DD.003D5C24CE,Collection Point 4,6/18/19 12:55,Release Pond Antennas
3DD.003D5C24D0,Collection Point 4,6/19/19 11:55,Release Pond Antennas
3DD.003D5C24D1,Collection Point 4,6/19/19 11:56,Release Pond Antennas
3DD.003D5C24D3,Collection Point 4,6/17/19 11:29,Release Pond Antennas
3DD.003D5C24D5,Collection Point 4,6/17/19 11:31,Release Pond Antennas
3DD.003D5C24D6,Collection Point 4,6/17/19 19:50,Release Pond Antennas
3DD.003D5C24D7,Collection Point 4,6/17/19 19:48,Release Pond Antennas
3DD.003D5C24D8,Collection Point 4,6/17/19 11:29,Release Pond Antennas
3DD.003D5C24D9,Collection Point 4,6/17/19 11:21,Release Pond Antennas
3DD.003D5C24DA,Collection Point 4,6/19/19 11:52,Release Pond Antennas
3DD.003D5C24DB,Collection Point 4,6/17/19 11:30,Release Pond Antennas
3DD.003D5C24DD,Collection Point 4,6/17/19 11:24,Release Pond Antennas
3DD.003D5C24E1,Collection Point 4,6/19/19 11:55,Release Pond Antennas
3DD.003D5C24E2,Collection Point 4,6/21/19 14:06,Release Pond Antennas
3DD.003D5C24E3,Collection Point 4,6/19/19 11:55,Release Pond Antennas
3DD.003D5C24E4,Collection Point 4,6/19/19 11:55,Release Pond Antennas
3DD.003D5C24E5,Collection Point 4,6/17/19 11:33,Release Pond Antennas
3DD.003D5C24E7,Collection Point 4,6/17/19 11:19,Release Pond Antennas
3DD.003D5C24E8,Collection Point 4,6/18/19 10:57,Release Pond Antennas
3DD.003D5C24E9,Collection Point 4,6/17/19 19:35,Release Pond Antennas
3DD.003D5C24EA,Collection Point 4,6/19/19 11:52,Release Pond Antennas
3DD.003D5C24EB,Collection Point 4,6/18/19 11:39,Release Pond Antennas
3DD.003D5C24EC,Collection Point 4,6/19/19 11:56,Release Pond Antennas
3DD.003D5C24ED,Collection Point 4,6/19/19 11:52,Release Pond Antennas
3DD.003D5C24EE,Collection Point 4,6/18/19 13:49,Release Pond Antennas
3DD.003D5C24EF,Collection Point 4,6/17/19 11:36,Release Pond Antennas
3DD.003D5C24F0,Collection Point 4,6/18/19 0:27,Release Pond Antennas
3DD.003D5C24F1,Collection Point 4,6/17/19 19:24,Release Pond Antennas
3DD.003D5C24F3,Collection Point 4,6/17/19 11:24,Release Pond Antennas
3DD.003D5C24F5,Collection Point 4,6/19/19 11:55,Release Pond Antennas
3DD.003D5C24F6,Collection Point 4,6/19/19 11:56,Release Pond Antennas
3DD.003D5C24F7,Collection Point 4,6/19/19 11:55,Release Pond Antennas
3DD.003D5C24F9,Collection Point 4,6/17/19 11:33,Release Pond Antennas
3DD.003D5C24FA,Collection Point 4,6/19/19 11:55,Release Pond Antennas
3DD.003D5C24FB,Collection Point 2,6/24/19 8:28,Perpendicular.vertical.225ft
3DD.003D5C24FB,Collection Point 4,6/21/19 7:56,Release Pond Antennas
3DD.003D5C24FC,Collection Point 4,6/17/19 11:31,Release Pond Antennas
3DD.003D5C24FE,Collection Point 4,6/17/19 11:27,Release Pond Antennas
3DD.003D5C24FF,Collection Point 4,6/19/19 11:59,Release Pond Antennas
3DD.003D5C2502,Collection Point 4,6/19/19 11:59,Release Pond Antennas
3DD.003D5C2503,Collection Point 4,6/19/19 4:43,Release Pond Antennas
3DD.003D5C2505,Collection Point 4,6/17/19 11:33,Release Pond Antennas
3DD.003D5C256E,Final Collection Point ,6/2/19 11:50,Sorting Rack Antenna
3DD.003D5C256F,Final Collection Point ,5/24/19 2:38,Sorting Rack Antenna
3DD.003D5C2572,Final Collection Point ,6/15/19 10:35,Sorting Rack Antenna
3DD.003D5C2572,Collection Point 4,6/15/19 14:35,Release Pond Antennas
3DD.003D5C2575,Final Collection Point ,5/24/19 4:33,Sorting Rack Antenna
3DD.003D5C2578,Final Collection Point ,6/14/19 17:45,Sorting Rack Antenna
3DD.003D5C2578,Collection Point 4,6/15/19 19:46,Release Pond Antennas
3DD.003D5C257E,Final Collection Point ,5/23/19 6:19,Sorting Rack Antenna
3DD.003D5C2580,Final Collection Point ,6/2/19 5:47,Sorting Rack Antenna
3DD.003D5C2582,Collection Point 3,5/22/19 21:59,MATRIX TRAWL [CURRENT]
3DD.003D5C2588,Final Collection Point ,6/12/19 18:15,Sorting Rack Antenna
3DD.003D5C2595,Final Collection Point ,6/2/19 10:32,Sorting Rack Antenna
3DD.003D5C2597,Final Collection Point ,6/6/19 9:06,Sorting Rack Antenna
3DD.003D5C259B,Final Collection Point ,6/1/19 4:50,Sorting Rack Antenna
3DD.003D5C25A4,Final Collection Point ,5/24/19 2:31,Sorting Rack Antenna
3DD.003D5C25AE,Final Collection Point ,6/1/19 8:11,Sorting Rack Antenna
3DD.003D5C25B2,Final Collection Point ,5/23/19 14:40,Sorting Rack Antenna
3DD.003D5C25B8,Final Collection Point ,5/23/19 4:34,Sorting Rack Antenna
3DD.003D5C25BF,Final Collection Point ,5/27/19 13:08,Sorting Rack Antenna
3DD.003D5C25CB,Final Collection Point ,5/28/19 6:50,Sorting Rack Antenna
3DD.003D5C25CB,Collection Point 3,5/29/19 10:21,Towed Flexible Antenna System
3DD.003D5C25D7,Final Collection Point ,6/10/19 7:57,Sorting Rack Antenna
3DD.003D5C265F,Collection Point 3,5/24/19 6:17,MATRIX TRAWL [CURRENT]
3DD.003D5C2667,Collection Point 3,5/29/19 10:25,Towed Flexible Antenna System
3DD.003D5C267E,Collection Point 3,5/27/19 9:27,Towed Flexible Antenna System
3DD.003D5C268B,Collection Point 3,5/29/19 7:23,MATRIX TRAWL [CURRENT]
3DD.003D5C268C,Collection Point 3,5/24/19 0:29,MATRIX TRAWL [CURRENT]
3DD.003D5C2763,Final Collection Point ,6/6/19 15:19,Sorting Rack Antenna
3DD.003D5C2765,Final Collection Point ,6/2/19 10:01,Sorting Rack Antenna
3DD.003D5C2769,Final Collection Point ,5/17/19 4:21,Sorting Rack Antenna
3DD.003D5C276B,Final Collection Point ,5/11/19 23:37,Sorting Rack Antenna
3DD.003D5C276E,Final Collection Point ,5/26/19 6:47,Sorting Rack Antenna
3DD.003D5C2770,Final Collection Point ,5/12/19 5:13,Sorting Rack Antenna
3DD.003D5C2773,Final Collection Point ,5/12/19 4:30,Sorting Rack Antenna
3DD.003D5C2774,Final Collection Point ,5/24/19 4:28,Sorting Rack Antenna
3DD.003D5C2775,Final Collection Point ,5/31/19 17:32,Sorting Rack Antenna
3DD.003D5C2776,Final Collection Point ,5/20/19 4:23,Sorting Rack Antenna
3DD.003D5C2777,Final Collection Point ,5/22/19 17:38,Sorting Rack Antenna
3DD.003D5C2778,Final Collection Point ,5/31/19 17:31,Sorting Rack Antenna
3DD.003D5C277A,Collection Point 3,5/16/19 20:45,MATRIX TRAWL [CURRENT]
3DD.003D5C277B,Final Collection Point ,5/20/19 11:51,Sorting Rack Antenna
3DD.003D5C277D,Final Collection Point ,6/1/19 4:47,Sorting Rack Antenna
3DD.003D5C2780,Final Collection Point ,5/31/19 18:47,Sorting Rack Antenna
3DD.003D5C2781,Final Collection Point ,6/6/19 4:46,Sorting Rack Antenna
3DD.003D5C2782,Final Collection Point ,5/12/19 22:21,Sorting Rack Antenna
3DD.003D5C2783,Final Collection Point ,6/3/19 7:53,Sorting Rack Antenna
3DD.003D5C2785,Final Collection Point ,5/26/19 22:04,Sorting Rack Antenna
3DD.003D5C2787,Final Collection Point ,6/12/19 4:41,Sorting Rack Antenna
3DD.003D5C2787,Collection Point 4,6/14/19 20:18,Release Pond Antennas
3DD.003D5C2789,Final Collection Point ,5/29/19 5:20,Sorting Rack Antenna
3DD.003D5C278B,Final Collection Point ,5/25/19 12:30,Sorting Rack Antenna
3DD.003D5C278D,Final Collection Point ,5/15/19 5:46,Sorting Rack Antenna
3DD.003D5C278E,Final Collection Point ,5/13/19 19:33,Sorting Rack Antenna
3DD.003D5C278F,Final Collection Point ,5/11/19 16:51,Sorting Rack Antenna
3DD.003D5C2792,Final Collection Point ,5/31/19 14:31,Sorting Rack Antenna
3DD.003D5C2794,Final Collection Point ,5/14/19 3:24,Sorting Rack Antenna
3DD.003D5C2796,Final Collection Point ,5/20/19 1:52,Sorting Rack Antenna
3DD.003D5C2798,Final Collection Point ,5/12/19 22:04,Sorting Rack Antenna
3DD.003D5C2799,Final Collection Point ,5/21/19 6:30,Sorting Rack Antenna
3DD.003D5C279B,Final Collection Point ,5/27/19 16:16,Port Smolt Flume Antenna
3DD.003D5C27A0,Final Collection Point ,5/24/19 4:29,Sorting Rack Antenna
3DD.003D5C27A3,Final Collection Point ,6/10/19 1:33,Sorting Rack Antenna
3DD.003D5C27A7,Final Collection Point ,5/24/19 17:03,Sorting Rack Antenna
3DD.003D5C27B0,Final Collection Point ,6/2/19 9:49,Sorting Rack Antenna
3DD.003D5C27B1,Final Collection Point ,5/31/19 14:55,Sorting Rack Antenna
3DD.003D5C27B3,Final Collection Point ,5/11/19 4:22,Sorting Rack Antenna
3DD.003D5C27B4,Final Collection Point ,5/19/19 14:23,Sorting Rack Antenna
3DD.003D5C27B7,Final Collection Point ,5/24/19 4:49,Sorting Rack Antenna
3DD.003D5C27BA,Final Collection Point ,5/13/19 4:19,Sorting Rack Antenna
3DD.003D5C27BD,Final Collection Point ,5/26/19 4:31,Sorting Rack Antenna
3DD.003D5C27BD,Collection Point 3,5/29/19 9:38,Towed Flexible Antenna System
3DD.003D5C27BE,Collection Point 3,5/16/19 10:38,Towed Flexible Antenna System
3DD.003D5C27BF,Final Collection Point ,5/27/19 9:14,Port Smolt Flume Antenna
3DD.003D5C27C0,Final Collection Point ,5/25/19 12:17,Sorting Rack Antenna
3DD.003D5C27D0,Collection Point 3,5/17/19 19:40,MATRIX TRAWL [CURRENT]
3DD.003D5C27DD,Collection Point 3,5/18/19 1:53,MATRIX TRAWL [CURRENT]
3DD.003D5C27E9,Collection Point 3,5/18/19 1:22,MATRIX TRAWL [CURRENT]
3DD.003D5C2855,Collection Point 3,5/23/19 8:53,MATRIX TRAWL [CURRENT]
3DD.003D5C2858,Collection Point 3,5/29/19 6:01,Towed Flexible Antenna System
3DD.003D5C286D,Collection Point 3,5/23/19 6:31,MATRIX TRAWL [CURRENT]
3DD.003D5C288B,Collection Point 4,6/17/19 19:36,Release Pond Antennas
3DD.003D5C288C,Collection Point 4,6/17/19 11:20,Release Pond Antennas
3DD.003D5C288D,Collection Point 4,6/17/19 11:28,Release Pond Antennas
3DD.003D5C288E,Collection Point 4,6/19/19 11:56,Release Pond Antennas
3DD.003D5C288F,Collection Point 4,6/17/19 11:22,Release Pond Antennas
3DD.003D5C2890,Collection Point 4,6/19/19 11:54,Release Pond Antennas
3DD.003D5C2892,Collection Point 4,6/19/19 11:52,Release Pond Antennas
3DD.003D5C2894,Collection Point 4,6/19/19 11:55,Release Pond Antennas
3DD.003D5C2895,Collection Point 4,6/19/19 11:56,Release Pond Antennas
3DD.003D5C2896,Collection Point 4,6/19/19 11:59,Release Pond Antennas
3DD.003D5C2897,Collection Point 4,6/17/19 11:18,Release Pond Antennas
3DD.003D5C2898,Collection Point 4,6/17/19 11:14,Release Pond Antennas
3DD.003D5C2899,Collection Point 4,6/19/19 11:56,Release Pond Antennas
3DD.003D5C289A,Collection Point 4,6/17/19 11:29,Release Pond Antennas
3DD.003D5C289B,Collection Point 4,6/19/19 11:55,Release Pond Antennas
3DD.003D5C289C,Collection Point 4,6/19/19 11:57,Release Pond Antennas
3DD.003D5C289D,Collection Point 4,6/19/19 11:55,Release Pond Antennas
3DD.003D5C28A0,Collection Point 4,6/19/19 11:57,Release Pond Antennas
3DD.003D5C28A1,Collection Point 4,6/19/19 11:54,Release Pond Antennas
3DD.003D5C28A2,Collection Point 4,6/17/19 11:19,Release Pond Antennas
3DD.003D5C28A3,Collection Point 4,6/17/19 11:22,Release Pond Antennas
3DD.003D5C28A4,Collection Point 4,6/19/19 11:56,Release Pond Antennas
3DD.003D5C28A5,Collection Point 4,6/19/19 11:52,Release Pond Antennas
3DD.003D5C28A6,Collection Point 4,6/19/19 11:57,Release Pond Antennas
3DD.003D5C28A7,Collection Point 4,6/19/19 11:56,Release Pond Antennas
3DD.003D5C28A8,Collection Point 4,6/17/19 11:23,Release Pond Antennas
3DD.003D5C28A9,Collection Point 4,6/19/19 11:52,Release Pond Antennas
3DD.003D5C28AA,Collection Point 4,6/19/19 11:57,Release Pond Antennas
3DD.003D5C28AB,Collection Point 4,6/17/19 11:16,Release Pond Antennas
3DD.003D5C28AC,Collection Point 4,6/18/19 12:54,Release Pond Antennas
3DD.003D5C28AD,Collection Point 4,6/19/19 11:53,Release Pond Antennas
3DD.003D5C28AE,Collection Point 4,6/19/19 11:57,Release Pond Antennas
3DD.003D5C28AF,Collection Point 4,6/19/19 11:55,Release Pond Antennas
3DD.003D5C28B0,Collection Point 4,6/19/19 11:55,Release Pond Antennas
3DD.003D5C28B1,Collection Point 4,6/19/19 11:56,Release Pond Antennas
3DD.003D5C28B2,Collection Point 4,6/17/19 11:33,Release Pond Antennas
3DD.003D5C28B3,Collection Point 4,6/16/19 19:20,Release Pond Antennas
3DD.003D5C28B4,Collection Point 4,6/19/19 11:55,Release Pond Antennas
3DD.003D5C28B5,Collection Point 4,6/19/19 11:55,Release Pond Antennas
3DD.003D5C28B6,Collection Point 4,6/19/19 11:53,Release Pond Antennas
3DD.003D5C28B7,Collection Point 4,6/17/19 11:18,Release Pond Antennas
3DD.003D5C28B8,Collection Point 4,6/19/19 11:53,Release Pond Antennas
3DD.003D5C28B9,Collection Point 4,6/17/19 11:17,Release Pond Antennas
3DD.003D5C28BA,Collection Point 4,6/19/19 11:55,Release Pond Antennas
3DD.003D5C28BB,Collection Point 4,6/19/19 11:55,Release Pond Antennas
3DD.003D5C28BC,Collection Point 4,6/19/19 11:56,Release Pond Antennas
3DD.003D5C28BD,Collection Point 4,6/19/19 11:59,Release Pond Antennas
3DD.003D5C28BF,Collection Point 4,6/17/19 21:19,Release Pond Antennas
3DD.003D5C28C0,Collection Point 4,6/19/19 11:57,Release Pond Antennas
3DD.003D5C28C2,Collection Point 4,6/19/19 11:55,Release Pond Antennas
3DD.003D5C28C3,Collection Point 4,6/17/19 11:30,Release Pond Antennas
3DD.003D5C28C4,Collection Point 4,6/19/19 11:57,Release Pond Antennas
3DD.003D5C28C5,Collection Point 4,6/19/19 11:56,Release Pond Antennas
3DD.003D5C28C6,Collection Point 4,6/17/19 11:12,Release Pond Antennas
3DD.003D5C28C8,Collection Point 4,6/19/19 11:55,Release Pond Antennas
3DD.003D5C28C9,Collection Point 4,6/18/19 12:48,Release Pond Antennas
3DD.003D5C28CA,Collection Point 4,6/17/19 11:33,Release Pond Antennas
3DD.003D5C28CB,Final Collection Point ,7/3/19 0:06,Sorting Rack Antenna
3DD.003D5C28CC,Collection Point 4,6/19/19 11:54,Release Pond Antennas
3DD.003D5C28CD,Collection Point 4,6/18/19 12:55,Release Pond Antennas
3DD.003D5C28CE,Collection Point 4,6/19/19 11:56,Release Pond Antennas
3DD.003D5C28CF,Collection Point 4,6/22/19 9:44,Release Pond Antennas
3DD.003D5C28D1,Collection Point 4,6/18/19 13:22,Release Pond Antennas
3DD.003D5C28D2,Collection Point 4,6/19/19 11:55,Release Pond Antennas
3DD.003D5C28D3,Collection Point 4,6/17/19 11:30,Release Pond Antennas
3DD.003D5C28D4,Collection Point 4,6/17/19 11:33,Release Pond Antennas
3DD.003D5C28D5,Collection Point 4,6/17/19 11:16,Release Pond Antennas
3DD.003D5C28D6,Collection Point 4,6/19/19 11:57,Release Pond Antennas
3DD.003D5C28D8,Collection Point 4,6/19/19 11:55,Release Pond Antennas
3DD.003D5C28D9,Collection Point 4,6/17/19 11:22,Release Pond Antennas
3DD.003D5C28DA,Collection Point 4,6/19/19 11:57,Release Pond Antennas
3DD.003D5C28DB,Collection Point 4,6/19/19 11:55,Release Pond Antennas
3DD.003D5C28DC,Collection Point 4,6/17/19 11:13,Release Pond Antennas
3DD.003D5C28DD,Collection Point 4,6/19/19 11:52,Release Pond Antennas
3DD.003D5C28DE,Collection Point 4,6/17/19 11:23,Release Pond Antennas
3DD.003D5C28DF,Collection Point 4,6/20/19 15:16,Release Pond Antennas
3DD.003D5C28E0,Collection Point 4,6/17/19 11:24,Release Pond Antennas
3DD.003D5C28E1,Collection Point 4,6/17/19 11:21,Release Pond Antennas
3DD.003D5C28E2,Collection Point 4,6/19/19 11:57,Release Pond Antennas
3DD.003D5C28E3,Collection Point 4,6/19/19 11:52,Release Pond Antennas
3DD.003D5C28E4,Collection Point 4,6/19/19 11:59,Release Pond Antennas
3DD.003D5C28E5,Collection Point 4,6/16/19 23:17,Release Pond Antennas
3DD.003D5C28E6,Collection Point 4,6/19/19 11:56,Release Pond Antennas
3DD.003D5C28E7,Collection Point 4,6/19/19 11:57,Release Pond Antennas
3DD.003D5C28E8,Collection Point 4,6/19/19 11:56,Release Pond Antennas
3DD.003D5C28E9,Collection Point 4,6/17/19 11:17,Release Pond Antennas
3DD.003D5C28EA,Collection Point 4,6/21/19 14:06,Release Pond Antennas
3DD.003D5C28EB,Collection Point 4,6/19/19 11:59,Release Pond Antennas
3DD.003D5C28ED,Collection Point 4,6/19/19 11:57,Release Pond Antennas
3DD.003D5C2964,Collection Point 3,5/23/19 22:36,MATRIX TRAWL [CURRENT]
3DD.003D5C29D3,Final Collection Point ,6/14/19 13:31,Sorting Rack Antenna
3DD.003D5C29D3,Collection Point 4,6/15/19 13:53,Release Pond Antennas
3DD.003D5C29D5,Final Collection Point ,5/4/19 6:03,Sorting Rack Antenna
3DD.003D5C29D5,Collection Point 3,5/6/19 1:46,MATRIX TRAWL [CURRENT]
3DD.003D5C29D7,Final Collection Point ,5/6/19 1:16,Sorting Rack Antenna
3DD.003D5C29E0,Final Collection Point ,5/9/19 4:14,Port Smolt Flume Antenna
3DD.003D5C29E2,Final Collection Point ,5/12/19 4:09,Sorting Rack Antenna
3DD.003D5C29F3,Final Collection Point ,5/23/19 9:51,Sorting Rack Antenna
3DD.003D5C2A0D,Final Collection Point ,5/12/19 23:12,Sorting Rack Antenna
3DD.003D5C2A99,Final Collection Point ,6/28/19 0:29,Sorting Rack Antenna
3DD.003D5C2AB8,Final Collection Point ,7/1/19 3:53,Sorting Rack Antenna
3DD.003D5C2B9E,Final Collection Point ,6/5/19 18:39,Sorting Rack Antenna
3DD.003D5C2C10,Final Collection Point ,5/25/19 2:09,Sorting Rack Antenna
3DD.003D5C2C11,Final Collection Point ,5/31/19 14:23,Sorting Rack Antenna
3DD.003D5C2C16,Final Collection Point ,5/29/19 17:47,Sorting Rack Antenna
3DD.003D5C2C17,Final Collection Point ,5/27/19 4:17,Sorting Rack Antenna
3DD.003D5C2C18,Final Collection Point ,5/25/19 10:20,Sorting Rack Antenna
3DD.003D5C2C19,Final Collection Point ,6/1/19 8:06,Sorting Rack Antenna
3DD.003D5C2C1B,Final Collection Point ,5/27/19 10:48,Sorting Rack Antenna
3DD.003D5C2C1D,Final Collection Point ,5/31/19 14:29,Sorting Rack Antenna
3DD.003D5C2C1F,Final Collection Point ,5/31/19 23:58,Sorting Rack Antenna
3DD.003D5C2C20,Final Collection Point ,6/2/19 13:12,Sorting Rack Antenna
3DD.003D5C2C24,Final Collection Point ,5/20/19 4:28,Sorting Rack Antenna
3DD.003D5C2C26,Final Collection Point ,5/16/19 10:01,Sorting Rack Antenna
3DD.003D5C2C29,Final Collection Point ,5/22/19 16:10,Sorting Rack Antenna
3DD.003D5C2C2C,Final Collection Point ,5/27/19 18:33,Sorting Rack Antenna
3DD.003D5C2C2E,Final Collection Point ,5/21/19 22:06,Sorting Rack Antenna
3DD.003D5C2C31,Final Collection Point ,6/1/19 7:52,Sorting Rack Antenna
3DD.003D5C2C33,Final Collection Point ,5/21/19 2:01,Sorting Rack Antenna
3DD.003D5C2C37,Final Collection Point ,6/4/19 20:00,Sorting Rack Antenna
3DD.003D5C2C3A,Final Collection Point ,6/4/19 11:06,Sorting Rack Antenna
3DD.003D5C2C3C,Final Collection Point ,5/31/19 4:48,Sorting Rack Antenna
3DD.003D5C2C3D,Final Collection Point ,5/18/19 12:28,Sorting Rack Antenna
3DD.003D5C2C40,Final Collection Point ,5/31/19 18:54,Sorting Rack Antenna
3DD.003D5C2C41,Final Collection Point ,5/20/19 4:26,Sorting Rack Antenna
3DD.003D5C2C46,Final Collection Point ,5/21/19 4:40,Sorting Rack Antenna
3DD.003D5C2C48,Final Collection Point ,5/28/19 23:20,Sorting Rack Antenna
3DD.003D5C2C4C,Final Collection Point ,6/29/19 20:29,Sorting Rack Antenna
3DD.003D5C2C4F,Final Collection Point ,5/31/19 12:59,Port Smolt Flume Antenna
3DD.003D5C2C50,Final Collection Point ,5/24/19 4:39,Sorting Rack Antenna
3DD.003D5C2C51,Final Collection Point ,5/22/19 5:18,Sorting Rack Antenna
3DD.003D5C2C53,Final Collection Point ,5/29/19 0:36,Port Smolt Flume Antenna
3DD.003D5C2C54,Final Collection Point ,5/31/19 18:44,Sorting Rack Antenna
3DD.003D5C2C55,Final Collection Point ,6/7/19 3:51,Sorting Rack Antenna
3DD.003D5C2C56,Final Collection Point ,5/19/19 5:53,Sorting Rack Antenna
3DD.003D5C2C57,Final Collection Point ,6/5/19 4:21,Sorting Rack Antenna
3DD.003D5C2C5A,Final Collection Point ,6/2/19 6:09,Sorting Rack Antenna
3DD.003D5C2C5D,Final Collection Point ,5/29/19 0:17,Sorting Rack Antenna
3DD.003D5C2C5E,Final Collection Point ,6/8/19 16:05,Sorting Rack Antenna
3DD.003D5C2C5E,Collection Point 3,6/11/19 8:00,MATRIX TRAWL [CURRENT]
3DD.003D5C2C60,Final Collection Point ,5/25/19 1:44,Sorting Rack Antenna
3DD.003D5C2C61,Final Collection Point ,5/29/19 1:17,Port Smolt Flume Antenna
3DD.003D5C2C62,Final Collection Point ,5/20/19 4:45,Sorting Rack Antenna
3DD.003D5C2C63,Final Collection Point ,6/7/19 5:58,Sorting Rack Antenna
3DD.003D5C2C65,Final Collection Point ,6/14/19 6:24,Sorting Rack Antenna
3DD.003D5C2C65,Collection Point 4,6/15/19 14:14,Release Pond Antennas
3DD.003D5C2C66,Final Collection Point ,5/30/19 16:49,Sorting Rack Antenna
3DD.003D5C2C68,Final Collection Point ,5/19/19 16:35,Sorting Rack Antenna
3DD.003D5C2C6A,Final Collection Point ,5/29/19 14:35,Sorting Rack Antenna
3DD.003D5C2C6C,Final Collection Point ,6/21/19 8:54,Sorting Rack Antenna
3DD.003D5C2C6C,Collection Point 4,6/21/19 13:46,Release Pond Antennas
3DD.003D5C2C6D,Final Collection Point ,6/2/19 10:26,Sorting Rack Antenna
3DD.003D5C2C6F,Final Collection Point ,5/30/19 8:45,Sorting Rack Antenna